spec,wave,from,to,diff_weight_high_minus_low,abs_diff,n_low,n_high,from_domain,to_domain,from_role,to_role,spec_id,gamma_ebic,thresholded,cor_method,in_kg,comparison_id
g05,55,SEVERITY,USE2_AVOID,0.1257688645970067,0.1257688645970067,376,309,belief,behavior,focal_belief,non_focal,gamma_05,0.5,FALSE,pearson,TRUE,diff_g05_w55_high_minus_low
g05,55,SEVERITY,USE2_SPACE150,0.11373257818927782,0.11373257818927782,376,309,belief,behavior,focal_belief,non_focal,gamma_05,0.5,FALSE,pearson,TRUE,diff_g05_w55_high_minus_low
g05,55,USE2_MASK,USE2_SPACE150,-0.11344079608521299,0.11344079608521299,376,309,behavior,behavior,non_focal,non_focal,gamma_05,0.5,FALSE,pearson,TRUE,diff_g05_w55_high_minus_low
g05,55,WORRY_HEALTH_SYSTEM,USE2_HANDWASH20,-0.11261567185452759,0.11261567185452759,376,309,affect,behavior,non_focal,non_focal,gamma_05,0.5,FALSE,pearson,TRUE,diff_g05_w55_high_minus_low
g05,55,USE2_MASK,USE2_AVOID,-0.1065809260636493,0.1065809260636493,376,309,behavior,behavior,non_focal,non_focal,gamma_05,0.5,FALSE,pearson,TRUE,diff_g05_w55_high_minus_low
g05,55,SEVERITY,USE2_MASK,-0.097928961667141,0.097928961667141,376,309,belief,behavior,focal_belief,non_focal,gamma_05,0.5,FALSE,pearson,TRUE,diff_g05_w55_high_minus_low
g05,55,SEVERITY,WORRY_HEALTH_SYSTEM,-0.084227474493632,0.084227474493632,376,309,belief,affect,focal_belief,non_focal,gamma_05,0.5,FALSE,pearson,TRUE,diff_g05_w55_high_minus_low
g05,55,AFF_FEAR,WORRY_HEALTH_SYSTEM,0.08209578699865291,0.08209578699865291,376,309,affect,affect,non_focal,non_focal,gamma_05,0.5,FALSE,pearson,TRUE,diff_g05_w55_high_minus_low
g05,55,SEVERITY,AFF_FEAR,-0.07143052772931399,0.07143052772931399,376,309,belief,affect,focal_belief,non_focal,gamma_05,0.5,FALSE,pearson,TRUE,diff_g05_w55_high_minus_low
g05,55,AFF_WORRY,USE2_SPACE150,-0.0705413622572092,0.0705413622572092,376,309,affect,behavior,non_focal,non_focal,gamma_05,0.5,FALSE,pearson,TRUE,diff_g05_w55_high_minus_low
g05,55,WORRY_HEALTH_SYSTEM,USE2_MASK,-0.06068863075426621,0.06068863075426621,376,309,affect,behavior,non_focal,non_focal,gamma_05,0.5,FALSE,pearson,TRUE,diff_g05_w55_high_minus_low
g05,55,AFF_WORRY,WORRY_HEALTH_SYSTEM,-0.04156686728057639,0.04156686728057639,376,309,affect,affect,non_focal,non_focal,gamma_05,0.5,FALSE,pearson,TRUE,diff_g05_w55_high_minus_low
g05,55,USE2_SPACE150,USE2_AVOID,-0.039155071332648006,0.039155071332648006,376,309,behavior,behavior,non_focal,non_focal,gamma_05,0.5,FALSE,pearson,TRUE,diff_g05_w55_high_minus_low
g05,55,AFF_FEAR,USE2_AVOID,-0.03624115484733931,0.03624115484733931,376,309,affect,behavior,non_focal,non_focal,gamma_05,0.5,FALSE,pearson,TRUE,diff_g05_w55_high_minus_low
g05,55,USE2_MASK,USE2_HANDWASH20,0.036145631192680994,0.036145631192680994,376,309,behavior,behavior,non_focal,non_focal,gamma_05,0.5,FALSE,pearson,TRUE,diff_g05_w55_high_minus_low
g05,55,SEVERITY,USE2_HANDWASH20,0.03426529662616749,0.03426529662616749,376,309,belief,behavior,focal_belief,non_focal,gamma_05,0.5,FALSE,pearson,TRUE,diff_g05_w55_high_minus_low
g05,55,AFF_WORRY,USE2_HANDWASH20,0.0316214187016324,0.0316214187016324,376,309,affect,behavior,non_focal,non_focal,gamma_05,0.5,FALSE,pearson,TRUE,diff_g05_w55_high_minus_low
g05,55,AFF_WORRY,USE2_AVOID,-0.027635184131116597,0.027635184131116597,376,309,affect,behavior,non_focal,non_focal,gamma_05,0.5,FALSE,pearson,TRUE,diff_g05_w55_high_minus_low
g05,55,USE2_SPACE150,USE2_HANDWASH20,-0.02705636128254499,0.02705636128254499,376,309,behavior,behavior,non_focal,non_focal,gamma_05,0.5,FALSE,pearson,TRUE,diff_g05_w55_high_minus_low
g05,55,WORRY_HEALTH_SYSTEM,USE2_SPACE150,0.0246688000024659,0.0246688000024659,376,309,affect,behavior,non_focal,non_focal,gamma_05,0.5,FALSE,pearson,TRUE,diff_g05_w55_high_minus_low
g05,55,AFF_FEAR,AFF_WORRY,0.024647384055498933,0.024647384055498933,376,309,affect,affect,non_focal,non_focal,gamma_05,0.5,FALSE,pearson,TRUE,diff_g05_w55_high_minus_low
g05,55,USE2_HANDWASH20,USE2_AVOID,0.022647491723793003,0.022647491723793003,376,309,behavior,behavior,non_focal,non_focal,gamma_05,0.5,FALSE,pearson,TRUE,diff_g05_w55_high_minus_low
g05,55,AFF_FEAR,USE2_MASK,0.0190155425870327,0.0190155425870327,376,309,affect,behavior,non_focal,non_focal,gamma_05,0.5,FALSE,pearson,TRUE,diff_g05_w55_high_minus_low
g05,55,SEVERITY,AFF_WORRY,-0.015970833650010993,0.015970833650010993,376,309,belief,affect,focal_belief,non_focal,gamma_05,0.5,FALSE,pearson,TRUE,diff_g05_w55_high_minus_low
g05,55,AFF_WORRY,USE2_MASK,-0.0155628239941265,0.0155628239941265,376,309,affect,behavior,non_focal,non_focal,gamma_05,0.5,FALSE,pearson,TRUE,diff_g05_w55_high_minus_low
g05,55,AFF_FEAR,USE2_HANDWASH20,0.0126530355102393,0.0126530355102393,376,309,affect,behavior,non_focal,non_focal,gamma_05,0.5,FALSE,pearson,TRUE,diff_g05_w55_high_minus_low
g05,55,WORRY_HEALTH_SYSTEM,USE2_AVOID,0.003139368970454401,0.003139368970454401,376,309,affect,behavior,non_focal,non_focal,gamma_05,0.5,FALSE,pearson,TRUE,diff_g05_w55_high_minus_low
g05,55,AFF_FEAR,USE2_SPACE150,0,0,376,309,affect,behavior,non_focal,non_focal,gamma_05,0.5,FALSE,pearson,TRUE,diff_g05_w55_high_minus_low
g05,56,SEVERITY,AFF_WORRY,-0.2282097937944493,0.2282097937944493,383,351,belief,affect,focal_belief,non_focal,gamma_05,0.5,FALSE,pearson,TRUE,diff_g05_w56_high_minus_low
g05,56,AFF_WORRY,USE2_MASK,-0.122296617057614,0.122296617057614,383,351,affect,behavior,non_focal,non_focal,gamma_05,0.5,FALSE,pearson,TRUE,diff_g05_w56_high_minus_low
g05,56,AFF_WORRY,WORRY_HEALTH_SYSTEM,-0.11313088698837839,0.11313088698837839,383,351,affect,affect,non_focal,non_focal,gamma_05,0.5,FALSE,pearson,TRUE,diff_g05_w56_high_minus_low
g05,56,SEVERITY,USE2_HANDWASH20,0.10326597434691,0.10326597434691,383,351,belief,behavior,focal_belief,non_focal,gamma_05,0.5,FALSE,pearson,TRUE,diff_g05_w56_high_minus_low
g05,56,USE2_MASK,USE2_SPACE150,-0.09665432295364901,0.09665432295364901,383,351,behavior,behavior,non_focal,non_focal,gamma_05,0.5,FALSE,pearson,TRUE,diff_g05_w56_high_minus_low
g05,56,WORRY_HEALTH_SYSTEM,USE2_AVOID,0.08758986145043539,0.08758986145043539,383,351,affect,behavior,non_focal,non_focal,gamma_05,0.5,FALSE,pearson,TRUE,diff_g05_w56_high_minus_low
g05,56,USE2_MASK,USE2_AVOID,-0.08412503057287418,0.08412503057287418,383,351,behavior,behavior,non_focal,non_focal,gamma_05,0.5,FALSE,pearson,TRUE,diff_g05_w56_high_minus_low
g05,56,WORRY_HEALTH_SYSTEM,USE2_HANDWASH20,0.0766582332275105,0.0766582332275105,383,351,affect,behavior,non_focal,non_focal,gamma_05,0.5,FALSE,pearson,TRUE,diff_g05_w56_high_minus_low
g05,56,USE2_SPACE150,USE2_HANDWASH20,-0.07278246905546701,0.07278246905546701,383,351,behavior,behavior,non_focal,non_focal,gamma_05,0.5,FALSE,pearson,TRUE,diff_g05_w56_high_minus_low
g05,56,SEVERITY,WORRY_HEALTH_SYSTEM,-0.0695622643782032,0.0695622643782032,383,351,belief,affect,focal_belief,non_focal,gamma_05,0.5,FALSE,pearson,TRUE,diff_g05_w56_high_minus_low
g05,56,AFF_WORRY,USE2_AVOID,0.0685615943391421,0.0685615943391421,383,351,affect,behavior,non_focal,non_focal,gamma_05,0.5,FALSE,pearson,TRUE,diff_g05_w56_high_minus_low
g05,56,WORRY_HEALTH_SYSTEM,USE2_MASK,0.051650649525263395,0.051650649525263395,383,351,affect,behavior,non_focal,non_focal,gamma_05,0.5,FALSE,pearson,TRUE,diff_g05_w56_high_minus_low
g05,56,AFF_WORRY,USE2_SPACE150,-0.0422068154514394,0.0422068154514394,383,351,affect,behavior,non_focal,non_focal,gamma_05,0.5,FALSE,pearson,TRUE,diff_g05_w56_high_minus_low
g05,56,USE2_MASK,USE2_HANDWASH20,0.03921785495115901,0.03921785495115901,383,351,behavior,behavior,non_focal,non_focal,gamma_05,0.5,FALSE,pearson,TRUE,diff_g05_w56_high_minus_low
g05,56,SEVERITY,AFF_FEAR,-0.038243548722588006,0.038243548722588006,383,351,belief,affect,focal_belief,non_focal,gamma_05,0.5,FALSE,pearson,TRUE,diff_g05_w56_high_minus_low
g05,56,SEVERITY,USE2_SPACE150,0.03799379928064069,0.03799379928064069,383,351,belief,behavior,focal_belief,non_focal,gamma_05,0.5,FALSE,pearson,TRUE,diff_g05_w56_high_minus_low
g05,56,USE2_HANDWASH20,USE2_AVOID,-0.031854782028787,0.031854782028787,383,351,behavior,behavior,non_focal,non_focal,gamma_05,0.5,FALSE,pearson,TRUE,diff_g05_w56_high_minus_low
g05,56,AFF_FEAR,WORRY_HEALTH_SYSTEM,0.021380441381852994,0.021380441381852994,383,351,affect,affect,non_focal,non_focal,gamma_05,0.5,FALSE,pearson,TRUE,diff_g05_w56_high_minus_low
g05,56,AFF_FEAR,USE2_AVOID,0.0205378663024684,0.0205378663024684,383,351,affect,behavior,non_focal,non_focal,gamma_05,0.5,FALSE,pearson,TRUE,diff_g05_w56_high_minus_low
g05,56,SEVERITY,USE2_AVOID,-0.019592633350136,0.019592633350136,383,351,belief,behavior,focal_belief,non_focal,gamma_05,0.5,FALSE,pearson,TRUE,diff_g05_w56_high_minus_low
g05,56,AFF_FEAR,USE2_SPACE150,0.0112771293148659,0.0112771293148659,383,351,affect,behavior,non_focal,non_focal,gamma_05,0.5,FALSE,pearson,TRUE,diff_g05_w56_high_minus_low
g05,56,AFF_FEAR,AFF_WORRY,0.009002086012737998,0.009002086012737998,383,351,affect,affect,non_focal,non_focal,gamma_05,0.5,FALSE,pearson,TRUE,diff_g05_w56_high_minus_low
g05,56,WORRY_HEALTH_SYSTEM,USE2_SPACE150,0.008800758771214598,0.008800758771214598,383,351,affect,behavior,non_focal,non_focal,gamma_05,0.5,FALSE,pearson,TRUE,diff_g05_w56_high_minus_low
g05,56,USE2_SPACE150,USE2_AVOID,-0.006011391625710016,0.006011391625710016,383,351,behavior,behavior,non_focal,non_focal,gamma_05,0.5,FALSE,pearson,TRUE,diff_g05_w56_high_minus_low
g05,56,AFF_FEAR,USE2_MASK,-0.00418535556217125,0.00418535556217125,383,351,affect,behavior,non_focal,non_focal,gamma_05,0.5,FALSE,pearson,TRUE,diff_g05_w56_high_minus_low
g05,56,SEVERITY,USE2_MASK,0,0,383,351,belief,behavior,focal_belief,non_focal,gamma_05,0.5,FALSE,pearson,TRUE,diff_g05_w56_high_minus_low
g05,56,AFF_FEAR,USE2_HANDWASH20,0,0,383,351,affect,behavior,non_focal,non_focal,gamma_05,0.5,FALSE,pearson,TRUE,diff_g05_w56_high_minus_low
g05,56,AFF_WORRY,USE2_HANDWASH20,0,0,383,351,affect,behavior,non_focal,non_focal,gamma_05,0.5,FALSE,pearson,TRUE,diff_g05_w56_high_minus_low
g05,57,USE2_MASK,USE2_SPACE150,-0.2304435229387674,0.2304435229387674,336,407,behavior,behavior,non_focal,non_focal,gamma_05,0.5,FALSE,pearson,TRUE,diff_g05_w57_high_minus_low
g05,57,AFF_FEAR,AFF_WORRY,-0.19520564151554198,0.19520564151554198,336,407,affect,affect,non_focal,non_focal,gamma_05,0.5,FALSE,pearson,TRUE,diff_g05_w57_high_minus_low
g05,57,USE2_SPACE150,USE2_HANDWASH20,-0.165344938276566,0.165344938276566,336,407,behavior,behavior,non_focal,non_focal,gamma_05,0.5,FALSE,pearson,TRUE,diff_g05_w57_high_minus_low
g05,57,SEVERITY,AFF_FEAR,0.14532014135118287,0.14532014135118287,336,407,belief,affect,focal_belief,non_focal,gamma_05,0.5,FALSE,pearson,TRUE,diff_g05_w57_high_minus_low
g05,57,SEVERITY,WORRY_HEALTH_SYSTEM,-0.142145431091419,0.142145431091419,336,407,belief,affect,focal_belief,non_focal,gamma_05,0.5,FALSE,pearson,TRUE,diff_g05_w57_high_minus_low
g05,57,USE2_HANDWASH20,USE2_AVOID,-0.10284979011443039,0.10284979011443039,336,407,behavior,behavior,non_focal,non_focal,gamma_05,0.5,FALSE,pearson,TRUE,diff_g05_w57_high_minus_low
g05,57,SEVERITY,USE2_AVOID,-0.0950565129638646,0.0950565129638646,336,407,belief,behavior,focal_belief,non_focal,gamma_05,0.5,FALSE,pearson,TRUE,diff_g05_w57_high_minus_low
g05,57,SEVERITY,AFF_WORRY,-0.0876771815616432,0.0876771815616432,336,407,belief,affect,focal_belief,non_focal,gamma_05,0.5,FALSE,pearson,TRUE,diff_g05_w57_high_minus_low
g05,57,AFF_WORRY,USE2_MASK,-0.0831061374360172,0.0831061374360172,336,407,affect,behavior,non_focal,non_focal,gamma_05,0.5,FALSE,pearson,TRUE,diff_g05_w57_high_minus_low
g05,57,AFF_WORRY,WORRY_HEALTH_SYSTEM,0.07897606729618198,0.07897606729618198,336,407,affect,affect,non_focal,non_focal,gamma_05,0.5,FALSE,pearson,TRUE,diff_g05_w57_high_minus_low
g05,57,USE2_SPACE150,USE2_AVOID,-0.07562146697862598,0.07562146697862598,336,407,behavior,behavior,non_focal,non_focal,gamma_05,0.5,FALSE,pearson,TRUE,diff_g05_w57_high_minus_low
g05,57,WORRY_HEALTH_SYSTEM,USE2_HANDWASH20,0.0727061493857616,0.0727061493857616,336,407,affect,behavior,non_focal,non_focal,gamma_05,0.5,FALSE,pearson,TRUE,diff_g05_w57_high_minus_low
g05,57,WORRY_HEALTH_SYSTEM,USE2_AVOID,-0.07172090022372321,0.07172090022372321,336,407,affect,behavior,non_focal,non_focal,gamma_05,0.5,FALSE,pearson,TRUE,diff_g05_w57_high_minus_low
g05,57,AFF_FEAR,USE2_AVOID,0.0621601191749037,0.0621601191749037,336,407,affect,behavior,non_focal,non_focal,gamma_05,0.5,FALSE,pearson,TRUE,diff_g05_w57_high_minus_low
g05,57,WORRY_HEALTH_SYSTEM,USE2_MASK,-0.056809509353017984,0.056809509353017984,336,407,affect,behavior,non_focal,non_focal,gamma_05,0.5,FALSE,pearson,TRUE,diff_g05_w57_high_minus_low
g05,57,SEVERITY,USE2_SPACE150,-0.0518376003125831,0.0518376003125831,336,407,belief,behavior,focal_belief,non_focal,gamma_05,0.5,FALSE,pearson,TRUE,diff_g05_w57_high_minus_low
g05,57,AFF_WORRY,USE2_SPACE150,0.0424758401645531,0.0424758401645531,336,407,affect,behavior,non_focal,non_focal,gamma_05,0.5,FALSE,pearson,TRUE,diff_g05_w57_high_minus_low
g05,57,SEVERITY,USE2_HANDWASH20,0.0408160253815509,0.0408160253815509,336,407,belief,behavior,focal_belief,non_focal,gamma_05,0.5,FALSE,pearson,TRUE,diff_g05_w57_high_minus_low
g05,57,USE2_MASK,USE2_HANDWASH20,-0.033645331325206,0.033645331325206,336,407,behavior,behavior,non_focal,non_focal,gamma_05,0.5,FALSE,pearson,TRUE,diff_g05_w57_high_minus_low
g05,57,USE2_MASK,USE2_AVOID,0.03363397074480701,0.03363397074480701,336,407,behavior,behavior,non_focal,non_focal,gamma_05,0.5,FALSE,pearson,TRUE,diff_g05_w57_high_minus_low
g05,57,AFF_FEAR,USE2_MASK,0.0173779072867365,0.0173779072867365,336,407,affect,behavior,non_focal,non_focal,gamma_05,0.5,FALSE,pearson,TRUE,diff_g05_w57_high_minus_low
g05,57,AFF_WORRY,USE2_HANDWASH20,-0.0162213900096129,0.0162213900096129,336,407,affect,behavior,non_focal,non_focal,gamma_05,0.5,FALSE,pearson,TRUE,diff_g05_w57_high_minus_low
g05,57,AFF_WORRY,USE2_AVOID,-0.0110123122934447,0.0110123122934447,336,407,affect,behavior,non_focal,non_focal,gamma_05,0.5,FALSE,pearson,TRUE,diff_g05_w57_high_minus_low
g05,57,AFF_FEAR,WORRY_HEALTH_SYSTEM,-0.001600912086519704,0.001600912086519704,336,407,affect,affect,non_focal,non_focal,gamma_05,0.5,FALSE,pearson,TRUE,diff_g05_w57_high_minus_low
g05,57,SEVERITY,USE2_MASK,0,0,336,407,belief,behavior,focal_belief,non_focal,gamma_05,0.5,FALSE,pearson,TRUE,diff_g05_w57_high_minus_low
g05,57,AFF_FEAR,USE2_SPACE150,0,0,336,407,affect,behavior,non_focal,non_focal,gamma_05,0.5,FALSE,pearson,TRUE,diff_g05_w57_high_minus_low
g05,57,WORRY_HEALTH_SYSTEM,USE2_SPACE150,0,0,336,407,affect,behavior,non_focal,non_focal,gamma_05,0.5,FALSE,pearson,TRUE,diff_g05_w57_high_minus_low
g05,57,AFF_FEAR,USE2_HANDWASH20,0,0,336,407,affect,behavior,non_focal,non_focal,gamma_05,0.5,FALSE,pearson,TRUE,diff_g05_w57_high_minus_low
g05_spearman,55,WORRY_HEALTH_SYSTEM,USE2_HANDWASH20,-0.1582655286426209,0.1582655286426209,376,309,affect,behavior,non_focal,non_focal,gamma_05_spearman,0.5,FALSE,spearman,FALSE,diff_g05_spearman_w55_high_minus_low
g05_spearman,55,USE2_MASK,USE2_AVOID,-0.15377854248720318,0.15377854248720318,376,309,behavior,behavior,non_focal,non_focal,gamma_05_spearman,0.5,FALSE,spearman,FALSE,diff_g05_spearman_w55_high_minus_low
g05_spearman,55,USE2_MASK,USE2_SPACE150,-0.138528153088221,0.138528153088221,376,309,behavior,behavior,non_focal,non_focal,gamma_05_spearman,0.5,FALSE,spearman,FALSE,diff_g05_spearman_w55_high_minus_low
g05_spearman,55,SEVERITY,WORRY_HEALTH_SYSTEM,-0.1340906088449627,0.1340906088449627,376,309,belief,affect,focal_belief,non_focal,gamma_05_spearman,0.5,FALSE,spearman,FALSE,diff_g05_spearman_w55_high_minus_low
g05_spearman,55,WORRY_HEALTH_SYSTEM,USE2_MASK,-0.12830487457149312,0.12830487457149312,376,309,affect,behavior,non_focal,non_focal,gamma_05_spearman,0.5,FALSE,spearman,FALSE,diff_g05_spearman_w55_high_minus_low
g05_spearman,55,SEVERITY,USE2_SPACE150,0.1039294123916414,0.1039294123916414,376,309,belief,behavior,focal_belief,non_focal,gamma_05_spearman,0.5,FALSE,spearman,FALSE,diff_g05_spearman_w55_high_minus_low
g05_spearman,55,SEVERITY,USE2_AVOID,0.0935102943676929,0.0935102943676929,376,309,belief,behavior,focal_belief,non_focal,gamma_05_spearman,0.5,FALSE,spearman,FALSE,diff_g05_spearman_w55_high_minus_low
g05_spearman,55,AFF_FEAR,USE2_AVOID,-0.07703315338582771,0.07703315338582771,376,309,affect,behavior,non_focal,non_focal,gamma_05_spearman,0.5,FALSE,spearman,FALSE,diff_g05_spearman_w55_high_minus_low
g05_spearman,55,AFF_WORRY,USE2_SPACE150,-0.0713666628548888,0.0713666628548888,376,309,affect,behavior,non_focal,non_focal,gamma_05_spearman,0.5,FALSE,spearman,FALSE,diff_g05_spearman_w55_high_minus_low
g05_spearman,55,WORRY_HEALTH_SYSTEM,USE2_SPACE150,0.0669984904545466,0.0669984904545466,376,309,affect,behavior,non_focal,non_focal,gamma_05_spearman,0.5,FALSE,spearman,FALSE,diff_g05_spearman_w55_high_minus_low
g05_spearman,55,AFF_FEAR,USE2_HANDWASH20,0.058797970276521803,0.058797970276521803,376,309,affect,behavior,non_focal,non_focal,gamma_05_spearman,0.5,FALSE,spearman,FALSE,diff_g05_spearman_w55_high_minus_low
g05_spearman,55,SEVERITY,AFF_FEAR,-0.057629338060635,0.057629338060635,376,309,belief,affect,focal_belief,non_focal,gamma_05_spearman,0.5,FALSE,spearman,FALSE,diff_g05_spearman_w55_high_minus_low
g05_spearman,55,USE2_SPACE150,USE2_HANDWASH20,-0.0402906655536,0.0402906655536,376,309,behavior,behavior,non_focal,non_focal,gamma_05_spearman,0.5,FALSE,spearman,FALSE,diff_g05_spearman_w55_high_minus_low
g05_spearman,55,AFF_WORRY,USE2_HANDWASH20,0.040280339294695,0.040280339294695,376,309,affect,behavior,non_focal,non_focal,gamma_05_spearman,0.5,FALSE,spearman,FALSE,diff_g05_spearman_w55_high_minus_low
g05_spearman,55,AFF_WORRY,WORRY_HEALTH_SYSTEM,0.03912245170274829,0.03912245170274829,376,309,affect,affect,non_focal,non_focal,gamma_05_spearman,0.5,FALSE,spearman,FALSE,diff_g05_spearman_w55_high_minus_low
g05_spearman,55,AFF_FEAR,USE2_MASK,0.0292260816499025,0.0292260816499025,376,309,affect,behavior,non_focal,non_focal,gamma_05_spearman,0.5,FALSE,spearman,FALSE,diff_g05_spearman_w55_high_minus_low
g05_spearman,55,WORRY_HEALTH_SYSTEM,USE2_AVOID,0.025770048417273053,0.025770048417273053,376,309,affect,behavior,non_focal,non_focal,gamma_05_spearman,0.5,FALSE,spearman,FALSE,diff_g05_spearman_w55_high_minus_low
g05_spearman,55,AFF_WORRY,USE2_MASK,-0.0213139808005594,0.0213139808005594,376,309,affect,behavior,non_focal,non_focal,gamma_05_spearman,0.5,FALSE,spearman,FALSE,diff_g05_spearman_w55_high_minus_low
g05_spearman,55,USE2_MASK,USE2_HANDWASH20,0.01787386268392499,0.01787386268392499,376,309,behavior,behavior,non_focal,non_focal,gamma_05_spearman,0.5,FALSE,spearman,FALSE,diff_g05_spearman_w55_high_minus_low
g05_spearman,55,AFF_FEAR,AFF_WORRY,-0.017751974094304068,0.017751974094304068,376,309,affect,affect,non_focal,non_focal,gamma_05_spearman,0.5,FALSE,spearman,FALSE,diff_g05_spearman_w55_high_minus_low
g05_spearman,55,USE2_SPACE150,USE2_AVOID,-0.01640446394656697,0.01640446394656697,376,309,behavior,behavior,non_focal,non_focal,gamma_05_spearman,0.5,FALSE,spearman,FALSE,diff_g05_spearman_w55_high_minus_low
g05_spearman,55,USE2_HANDWASH20,USE2_AVOID,-0.008667505906554004,0.008667505906554004,376,309,behavior,behavior,non_focal,non_focal,gamma_05_spearman,0.5,FALSE,spearman,FALSE,diff_g05_spearman_w55_high_minus_low
g05_spearman,55,SEVERITY,AFF_WORRY,0.007857649909039408,0.007857649909039408,376,309,belief,affect,focal_belief,non_focal,gamma_05_spearman,0.5,FALSE,spearman,FALSE,diff_g05_spearman_w55_high_minus_low
g05_spearman,55,SEVERITY,USE2_HANDWASH20,0.006097760380633296,0.006097760380633296,376,309,belief,behavior,focal_belief,non_focal,gamma_05_spearman,0.5,FALSE,spearman,FALSE,diff_g05_spearman_w55_high_minus_low
g05_spearman,55,AFF_WORRY,USE2_AVOID,0.004604294716896801,0.004604294716896801,376,309,affect,behavior,non_focal,non_focal,gamma_05_spearman,0.5,FALSE,spearman,FALSE,diff_g05_spearman_w55_high_minus_low
g05_spearman,55,AFF_FEAR,WORRY_HEALTH_SYSTEM,2.566386009929811e-4,2.566386009929811e-4,376,309,affect,affect,non_focal,non_focal,gamma_05_spearman,0.5,FALSE,spearman,FALSE,diff_g05_spearman_w55_high_minus_low
g05_spearman,55,SEVERITY,USE2_MASK,0,0,376,309,belief,behavior,focal_belief,non_focal,gamma_05_spearman,0.5,FALSE,spearman,FALSE,diff_g05_spearman_w55_high_minus_low
g05_spearman,55,AFF_FEAR,USE2_SPACE150,0,0,376,309,affect,behavior,non_focal,non_focal,gamma_05_spearman,0.5,FALSE,spearman,FALSE,diff_g05_spearman_w55_high_minus_low
g05_spearman,56,SEVERITY,AFF_WORRY,-0.1393859742411029,0.1393859742411029,383,351,belief,affect,focal_belief,non_focal,gamma_05_spearman,0.5,FALSE,spearman,FALSE,diff_g05_spearman_w56_high_minus_low
g05_spearman,56,USE2_MASK,USE2_AVOID,-0.13095550723739885,0.13095550723739885,383,351,behavior,behavior,non_focal,non_focal,gamma_05_spearman,0.5,FALSE,spearman,FALSE,diff_g05_spearman_w56_high_minus_low
g05_spearman,56,AFF_WORRY,USE2_MASK,-0.120958932741573,0.120958932741573,383,351,affect,behavior,non_focal,non_focal,gamma_05_spearman,0.5,FALSE,spearman,FALSE,diff_g05_spearman_w56_high_minus_low
g05_spearman,56,WORRY_HEALTH_SYSTEM,USE2_HANDWASH20,0.112993671753183,0.112993671753183,383,351,affect,behavior,non_focal,non_focal,gamma_05_spearman,0.5,FALSE,spearman,FALSE,diff_g05_spearman_w56_high_minus_low
g05_spearman,56,SEVERITY,AFF_FEAR,-0.094649788014698,0.094649788014698,383,351,belief,affect,focal_belief,non_focal,gamma_05_spearman,0.5,FALSE,spearman,FALSE,diff_g05_spearman_w56_high_minus_low
g05_spearman,56,SEVERITY,USE2_SPACE150,0.0852825860087156,0.0852825860087156,383,351,belief,behavior,focal_belief,non_focal,gamma_05_spearman,0.5,FALSE,spearman,FALSE,diff_g05_spearman_w56_high_minus_low
g05_spearman,56,WORRY_HEALTH_SYSTEM,USE2_MASK,0.0833073686622762,0.0833073686622762,383,351,affect,behavior,non_focal,non_focal,gamma_05_spearman,0.5,FALSE,spearman,FALSE,diff_g05_spearman_w56_high_minus_low
g05_spearman,56,AFF_WORRY,USE2_AVOID,0.0726588395633539,0.0726588395633539,383,351,affect,behavior,non_focal,non_focal,gamma_05_spearman,0.5,FALSE,spearman,FALSE,diff_g05_spearman_w56_high_minus_low
g05_spearman,56,SEVERITY,USE2_HANDWASH20,0.0678780483034123,0.0678780483034123,383,351,belief,behavior,focal_belief,non_focal,gamma_05_spearman,0.5,FALSE,spearman,FALSE,diff_g05_spearman_w56_high_minus_low
g05_spearman,56,AFF_FEAR,WORRY_HEALTH_SYSTEM,-0.05586660414905881,0.05586660414905881,383,351,affect,affect,non_focal,non_focal,gamma_05_spearman,0.5,FALSE,spearman,FALSE,diff_g05_spearman_w56_high_minus_low
g05_spearman,56,USE2_SPACE150,USE2_AVOID,-0.054786923866377985,0.054786923866377985,383,351,behavior,behavior,non_focal,non_focal,gamma_05_spearman,0.5,FALSE,spearman,FALSE,diff_g05_spearman_w56_high_minus_low
g05_spearman,56,USE2_SPACE150,USE2_HANDWASH20,-0.05433780075701,0.05433780075701,383,351,behavior,behavior,non_focal,non_focal,gamma_05_spearman,0.5,FALSE,spearman,FALSE,diff_g05_spearman_w56_high_minus_low
g05_spearman,56,SEVERITY,WORRY_HEALTH_SYSTEM,-0.051081996182795006,0.051081996182795006,383,351,belief,affect,focal_belief,non_focal,gamma_05_spearman,0.5,FALSE,spearman,FALSE,diff_g05_spearman_w56_high_minus_low
g05_spearman,56,AFF_FEAR,USE2_AVOID,0.0409882686556043,0.0409882686556043,383,351,affect,behavior,non_focal,non_focal,gamma_05_spearman,0.5,FALSE,spearman,FALSE,diff_g05_spearman_w56_high_minus_low
g05_spearman,56,USE2_HANDWASH20,USE2_AVOID,0.040937286858668986,0.040937286858668986,383,351,behavior,behavior,non_focal,non_focal,gamma_05_spearman,0.5,FALSE,spearman,FALSE,diff_g05_spearman_w56_high_minus_low
g05_spearman,56,USE2_MASK,USE2_SPACE150,-0.035961306594901044,0.035961306594901044,383,351,behavior,behavior,non_focal,non_focal,gamma_05_spearman,0.5,FALSE,spearman,FALSE,diff_g05_spearman_w56_high_minus_low
g05_spearman,56,WORRY_HEALTH_SYSTEM,USE2_AVOID,0.0351557119456085,0.0351557119456085,383,351,affect,behavior,non_focal,non_focal,gamma_05_spearman,0.5,FALSE,spearman,FALSE,diff_g05_spearman_w56_high_minus_low
g05_spearman,56,WORRY_HEALTH_SYSTEM,USE2_SPACE150,-0.0237807288011251,0.0237807288011251,383,351,affect,behavior,non_focal,non_focal,gamma_05_spearman,0.5,FALSE,spearman,FALSE,diff_g05_spearman_w56_high_minus_low
g05_spearman,56,AFF_WORRY,USE2_SPACE150,-0.0229914138579841,0.0229914138579841,383,351,affect,behavior,non_focal,non_focal,gamma_05_spearman,0.5,FALSE,spearman,FALSE,diff_g05_spearman_w56_high_minus_low
g05_spearman,56,SEVERITY,USE2_AVOID,-0.019910875422731983,0.019910875422731983,383,351,belief,behavior,focal_belief,non_focal,gamma_05_spearman,0.5,FALSE,spearman,FALSE,diff_g05_spearman_w56_high_minus_low
g05_spearman,56,AFF_WORRY,WORRY_HEALTH_SYSTEM,-0.01975718630690898,0.01975718630690898,383,351,affect,affect,non_focal,non_focal,gamma_05_spearman,0.5,FALSE,spearman,FALSE,diff_g05_spearman_w56_high_minus_low
g05_spearman,56,USE2_MASK,USE2_HANDWASH20,0.018164810526895003,0.018164810526895003,383,351,behavior,behavior,non_focal,non_focal,gamma_05_spearman,0.5,FALSE,spearman,FALSE,diff_g05_spearman_w56_high_minus_low
g05_spearman,56,AFF_FEAR,AFF_WORRY,0.016919151938088017,0.016919151938088017,383,351,affect,affect,non_focal,non_focal,gamma_05_spearman,0.5,FALSE,spearman,FALSE,diff_g05_spearman_w56_high_minus_low
g05_spearman,56,AFF_FEAR,USE2_SPACE150,0.0101629509473671,0.0101629509473671,383,351,affect,behavior,non_focal,non_focal,gamma_05_spearman,0.5,FALSE,spearman,FALSE,diff_g05_spearman_w56_high_minus_low
g05_spearman,56,AFF_WORRY,USE2_HANDWASH20,0.0100115468308313,0.0100115468308313,383,351,affect,behavior,non_focal,non_focal,gamma_05_spearman,0.5,FALSE,spearman,FALSE,diff_g05_spearman_w56_high_minus_low
g05_spearman,56,SEVERITY,USE2_MASK,0,0,383,351,belief,behavior,focal_belief,non_focal,gamma_05_spearman,0.5,FALSE,spearman,FALSE,diff_g05_spearman_w56_high_minus_low
g05_spearman,56,AFF_FEAR,USE2_MASK,0,0,383,351,affect,behavior,non_focal,non_focal,gamma_05_spearman,0.5,FALSE,spearman,FALSE,diff_g05_spearman_w56_high_minus_low
g05_spearman,56,AFF_FEAR,USE2_HANDWASH20,0,0,383,351,affect,behavior,non_focal,non_focal,gamma_05_spearman,0.5,FALSE,spearman,FALSE,diff_g05_spearman_w56_high_minus_low
g05_spearman,57,USE2_MASK,USE2_SPACE150,-0.2023968651348391,0.2023968651348391,336,407,behavior,behavior,non_focal,non_focal,gamma_05_spearman,0.5,FALSE,spearman,FALSE,diff_g05_spearman_w57_high_minus_low
g05_spearman,57,USE2_SPACE150,USE2_HANDWASH20,-0.18926959974713797,0.18926959974713797,336,407,behavior,behavior,non_focal,non_focal,gamma_05_spearman,0.5,FALSE,spearman,FALSE,diff_g05_spearman_w57_high_minus_low
g05_spearman,57,AFF_FEAR,AFF_WORRY,-0.15020144095745408,0.15020144095745408,336,407,affect,affect,non_focal,non_focal,gamma_05_spearman,0.5,FALSE,spearman,FALSE,diff_g05_spearman_w57_high_minus_low
g05_spearman,57,USE2_SPACE150,USE2_AVOID,-0.137314164558427,0.137314164558427,336,407,behavior,behavior,non_focal,non_focal,gamma_05_spearman,0.5,FALSE,spearman,FALSE,diff_g05_spearman_w57_high_minus_low
g05_spearman,57,SEVERITY,WORRY_HEALTH_SYSTEM,-0.122384015427852,0.122384015427852,336,407,belief,affect,focal_belief,non_focal,gamma_05_spearman,0.5,FALSE,spearman,FALSE,diff_g05_spearman_w57_high_minus_low
g05_spearman,57,USE2_MASK,USE2_HANDWASH20,-0.10965620343235799,0.10965620343235799,336,407,behavior,behavior,non_focal,non_focal,gamma_05_spearman,0.5,FALSE,spearman,FALSE,diff_g05_spearman_w57_high_minus_low
g05_spearman,57,SEVERITY,USE2_AVOID,-0.0985463956030512,0.0985463956030512,336,407,belief,behavior,focal_belief,non_focal,gamma_05_spearman,0.5,FALSE,spearman,FALSE,diff_g05_spearman_w57_high_minus_low
g05_spearman,57,AFF_WORRY,USE2_MASK,-0.095863208323623,0.095863208323623,336,407,affect,behavior,non_focal,non_focal,gamma_05_spearman,0.5,FALSE,spearman,FALSE,diff_g05_spearman_w57_high_minus_low
g05_spearman,57,USE2_HANDWASH20,USE2_AVOID,-0.0948879206209878,0.0948879206209878,336,407,behavior,behavior,non_focal,non_focal,gamma_05_spearman,0.5,FALSE,spearman,FALSE,diff_g05_spearman_w57_high_minus_low
g05_spearman,57,SEVERITY,AFF_FEAR,0.08474923502009701,0.08474923502009701,336,407,belief,affect,focal_belief,non_focal,gamma_05_spearman,0.5,FALSE,spearman,FALSE,diff_g05_spearman_w57_high_minus_low
g05_spearman,57,WORRY_HEALTH_SYSTEM,USE2_MASK,-0.08403688539673229,0.08403688539673229,336,407,affect,behavior,non_focal,non_focal,gamma_05_spearman,0.5,FALSE,spearman,FALSE,diff_g05_spearman_w57_high_minus_low
g05_spearman,57,WORRY_HEALTH_SYSTEM,USE2_HANDWASH20,0.0722884762254606,0.0722884762254606,336,407,affect,behavior,non_focal,non_focal,gamma_05_spearman,0.5,FALSE,spearman,FALSE,diff_g05_spearman_w57_high_minus_low
g05_spearman,57,AFF_FEAR,USE2_AVOID,0.06333005454067642,0.06333005454067642,336,407,affect,behavior,non_focal,non_focal,gamma_05_spearman,0.5,FALSE,spearman,FALSE,diff_g05_spearman_w57_high_minus_low
g05_spearman,57,WORRY_HEALTH_SYSTEM,USE2_AVOID,-0.056371874094785696,0.056371874094785696,336,407,affect,behavior,non_focal,non_focal,gamma_05_spearman,0.5,FALSE,spearman,FALSE,diff_g05_spearman_w57_high_minus_low
g05_spearman,57,AFF_FEAR,WORRY_HEALTH_SYSTEM,0.04199121499788311,0.04199121499788311,336,407,affect,affect,non_focal,non_focal,gamma_05_spearman,0.5,FALSE,spearman,FALSE,diff_g05_spearman_w57_high_minus_low
g05_spearman,57,SEVERITY,AFF_WORRY,-0.04055447013186202,0.04055447013186202,336,407,belief,affect,focal_belief,non_focal,gamma_05_spearman,0.5,FALSE,spearman,FALSE,diff_g05_spearman_w57_high_minus_low
g05_spearman,57,USE2_MASK,USE2_AVOID,0.021641584234204002,0.021641584234204002,336,407,behavior,behavior,non_focal,non_focal,gamma_05_spearman,0.5,FALSE,spearman,FALSE,diff_g05_spearman_w57_high_minus_low
g05_spearman,57,SEVERITY,USE2_SPACE150,-0.0149772185820331,0.0149772185820331,336,407,belief,behavior,focal_belief,non_focal,gamma_05_spearman,0.5,FALSE,spearman,FALSE,diff_g05_spearman_w57_high_minus_low
g05_spearman,57,AFF_WORRY,USE2_AVOID,-0.0144675572700702,0.0144675572700702,336,407,affect,behavior,non_focal,non_focal,gamma_05_spearman,0.5,FALSE,spearman,FALSE,diff_g05_spearman_w57_high_minus_low
g05_spearman,57,AFF_WORRY,WORRY_HEALTH_SYSTEM,-0.005850747367009995,0.005850747367009995,336,407,affect,affect,non_focal,non_focal,gamma_05_spearman,0.5,FALSE,spearman,FALSE,diff_g05_spearman_w57_high_minus_low
g05_spearman,57,AFF_WORRY,USE2_SPACE150,6.922228256412977e-4,6.922228256412977e-4,336,407,affect,behavior,non_focal,non_focal,gamma_05_spearman,0.5,FALSE,spearman,FALSE,diff_g05_spearman_w57_high_minus_low
g05_spearman,57,SEVERITY,USE2_MASK,0,0,336,407,belief,behavior,focal_belief,non_focal,gamma_05_spearman,0.5,FALSE,spearman,FALSE,diff_g05_spearman_w57_high_minus_low
g05_spearman,57,AFF_FEAR,USE2_MASK,0,0,336,407,affect,behavior,non_focal,non_focal,gamma_05_spearman,0.5,FALSE,spearman,FALSE,diff_g05_spearman_w57_high_minus_low
g05_spearman,57,AFF_FEAR,USE2_SPACE150,0,0,336,407,affect,behavior,non_focal,non_focal,gamma_05_spearman,0.5,FALSE,spearman,FALSE,diff_g05_spearman_w57_high_minus_low
g05_spearman,57,WORRY_HEALTH_SYSTEM,USE2_SPACE150,0,0,336,407,affect,behavior,non_focal,non_focal,gamma_05_spearman,0.5,FALSE,spearman,FALSE,diff_g05_spearman_w57_high_minus_low
g05_spearman,57,SEVERITY,USE2_HANDWASH20,0,0,336,407,belief,behavior,focal_belief,non_focal,gamma_05_spearman,0.5,FALSE,spearman,FALSE,diff_g05_spearman_w57_high_minus_low
g05_spearman,57,AFF_FEAR,USE2_HANDWASH20,0,0,336,407,affect,behavior,non_focal,non_focal,gamma_05_spearman,0.5,FALSE,spearman,FALSE,diff_g05_spearman_w57_high_minus_low
g05_spearman,57,AFF_WORRY,USE2_HANDWASH20,0,0,336,407,affect,behavior,non_focal,non_focal,gamma_05_spearman,0.5,FALSE,spearman,FALSE,diff_g05_spearman_w57_high_minus_low
g05_thr,55,SEVERITY,WORRY_HEALTH_SYSTEM,-0.18764174914738,0.18764174914738,376,309,belief,affect,focal_belief,non_focal,gamma_05_thr,0.5,TRUE,pearson,FALSE,diff_g05_thr_w55_high_minus_low
g05_thr,55,SEVERITY,USE2_SPACE150,0.168294033740989,0.168294033740989,376,309,belief,behavior,focal_belief,non_focal,gamma_05_thr,0.5,TRUE,pearson,FALSE,diff_g05_thr_w55_high_minus_low
g05_thr,55,WORRY_HEALTH_SYSTEM,USE2_HANDWASH20,-0.15918239310087,0.15918239310087,376,309,affect,behavior,non_focal,non_focal,gamma_05_thr,0.5,TRUE,pearson,FALSE,diff_g05_thr_w55_high_minus_low
g05_thr,55,USE2_MASK,USE2_AVOID,-0.158645531575579,0.158645531575579,376,309,behavior,behavior,non_focal,non_focal,gamma_05_thr,0.5,TRUE,pearson,FALSE,diff_g05_thr_w55_high_minus_low
g05_thr,55,SEVERITY,USE2_AVOID,0.142459760904957,0.142459760904957,376,309,belief,behavior,focal_belief,non_focal,gamma_05_thr,0.5,TRUE,pearson,FALSE,diff_g05_thr_w55_high_minus_low
g05_thr,55,WORRY_HEALTH_SYSTEM,USE2_MASK,-0.141377361459471,0.141377361459471,376,309,affect,behavior,non_focal,non_focal,gamma_05_thr,0.5,TRUE,pearson,FALSE,diff_g05_thr_w55_high_minus_low
g05_thr,55,USE2_HANDWASH20,USE2_AVOID,-0.134932803289115,0.134932803289115,376,309,behavior,behavior,non_focal,non_focal,gamma_05_thr,0.5,TRUE,pearson,FALSE,diff_g05_thr_w55_high_minus_low
g05_thr,55,AFF_FEAR,USE2_AVOID,-0.124298205801402,0.124298205801402,376,309,affect,behavior,non_focal,non_focal,gamma_05_thr,0.5,TRUE,pearson,FALSE,diff_g05_thr_w55_high_minus_low
g05_thr,55,AFF_WORRY,WORRY_HEALTH_SYSTEM,-0.10989309956429,0.10989309956429,376,309,affect,affect,non_focal,non_focal,gamma_05_thr,0.5,TRUE,pearson,FALSE,diff_g05_thr_w55_high_minus_low
g05_thr,55,USE2_MASK,USE2_SPACE150,-0.09903021700991801,0.09903021700991801,376,309,behavior,behavior,non_focal,non_focal,gamma_05_thr,0.5,TRUE,pearson,FALSE,diff_g05_thr_w55_high_minus_low
g05_thr,55,AFF_FEAR,WORRY_HEALTH_SYSTEM,0.07405702129715,0.07405702129715,376,309,affect,affect,non_focal,non_focal,gamma_05_thr,0.5,TRUE,pearson,FALSE,diff_g05_thr_w55_high_minus_low
g05_thr,55,SEVERITY,AFF_FEAR,-0.06124440171724399,0.06124440171724399,376,309,belief,affect,focal_belief,non_focal,gamma_05_thr,0.5,TRUE,pearson,FALSE,diff_g05_thr_w55_high_minus_low
g05_thr,55,USE2_MASK,USE2_HANDWASH20,0.045968676212338994,0.045968676212338994,376,309,behavior,behavior,non_focal,non_focal,gamma_05_thr,0.5,TRUE,pearson,FALSE,diff_g05_thr_w55_high_minus_low
g05_thr,55,USE2_SPACE150,USE2_AVOID,-0.03152431485401502,0.03152431485401502,376,309,behavior,behavior,non_focal,non_focal,gamma_05_thr,0.5,TRUE,pearson,FALSE,diff_g05_thr_w55_high_minus_low
g05_thr,55,USE2_SPACE150,USE2_HANDWASH20,-0.029301764652023,0.029301764652023,376,309,behavior,behavior,non_focal,non_focal,gamma_05_thr,0.5,TRUE,pearson,FALSE,diff_g05_thr_w55_high_minus_low
g05_thr,55,AFF_FEAR,AFF_WORRY,0.026580192132090952,0.026580192132090952,376,309,affect,affect,non_focal,non_focal,gamma_05_thr,0.5,TRUE,pearson,FALSE,diff_g05_thr_w55_high_minus_low
g05_thr,55,SEVERITY,AFF_WORRY,0,0,376,309,belief,affect,focal_belief,non_focal,gamma_05_thr,0.5,TRUE,pearson,FALSE,diff_g05_thr_w55_high_minus_low
g05_thr,55,SEVERITY,USE2_MASK,0,0,376,309,belief,behavior,focal_belief,non_focal,gamma_05_thr,0.5,TRUE,pearson,FALSE,diff_g05_thr_w55_high_minus_low
g05_thr,55,AFF_FEAR,USE2_MASK,0,0,376,309,affect,behavior,non_focal,non_focal,gamma_05_thr,0.5,TRUE,pearson,FALSE,diff_g05_thr_w55_high_minus_low
g05_thr,55,AFF_WORRY,USE2_MASK,0,0,376,309,affect,behavior,non_focal,non_focal,gamma_05_thr,0.5,TRUE,pearson,FALSE,diff_g05_thr_w55_high_minus_low
g05_thr,55,AFF_FEAR,USE2_SPACE150,0,0,376,309,affect,behavior,non_focal,non_focal,gamma_05_thr,0.5,TRUE,pearson,FALSE,diff_g05_thr_w55_high_minus_low
g05_thr,55,AFF_WORRY,USE2_SPACE150,0,0,376,309,affect,behavior,non_focal,non_focal,gamma_05_thr,0.5,TRUE,pearson,FALSE,diff_g05_thr_w55_high_minus_low
g05_thr,55,WORRY_HEALTH_SYSTEM,USE2_SPACE150,0,0,376,309,affect,behavior,non_focal,non_focal,gamma_05_thr,0.5,TRUE,pearson,FALSE,diff_g05_thr_w55_high_minus_low
g05_thr,55,SEVERITY,USE2_HANDWASH20,0,0,376,309,belief,behavior,focal_belief,non_focal,gamma_05_thr,0.5,TRUE,pearson,FALSE,diff_g05_thr_w55_high_minus_low
g05_thr,55,AFF_FEAR,USE2_HANDWASH20,0,0,376,309,affect,behavior,non_focal,non_focal,gamma_05_thr,0.5,TRUE,pearson,FALSE,diff_g05_thr_w55_high_minus_low
g05_thr,55,AFF_WORRY,USE2_HANDWASH20,0,0,376,309,affect,behavior,non_focal,non_focal,gamma_05_thr,0.5,TRUE,pearson,FALSE,diff_g05_thr_w55_high_minus_low
g05_thr,55,AFF_WORRY,USE2_AVOID,0,0,376,309,affect,behavior,non_focal,non_focal,gamma_05_thr,0.5,TRUE,pearson,FALSE,diff_g05_thr_w55_high_minus_low
g05_thr,55,WORRY_HEALTH_SYSTEM,USE2_AVOID,0,0,376,309,affect,behavior,non_focal,non_focal,gamma_05_thr,0.5,TRUE,pearson,FALSE,diff_g05_thr_w55_high_minus_low
g05_thr,56,SEVERITY,AFF_WORRY,-0.254913023999908,0.254913023999908,383,351,belief,affect,focal_belief,non_focal,gamma_05_thr,0.5,TRUE,pearson,FALSE,diff_g05_thr_w56_high_minus_low
g05_thr,56,AFF_WORRY,WORRY_HEALTH_SYSTEM,-0.16819112169682,0.16819112169682,383,351,affect,affect,non_focal,non_focal,gamma_05_thr,0.5,TRUE,pearson,FALSE,diff_g05_thr_w56_high_minus_low
g05_thr,56,SEVERITY,USE2_AVOID,-0.153446108833217,0.153446108833217,383,351,belief,behavior,focal_belief,non_focal,gamma_05_thr,0.5,TRUE,pearson,FALSE,diff_g05_thr_w56_high_minus_low
g05_thr,56,SEVERITY,USE2_HANDWASH20,0.147617307207555,0.147617307207555,383,351,belief,behavior,focal_belief,non_focal,gamma_05_thr,0.5,TRUE,pearson,FALSE,diff_g05_thr_w56_high_minus_low
g05_thr,56,AFF_WORRY,USE2_MASK,-0.130287961726576,0.130287961726576,383,351,affect,behavior,non_focal,non_focal,gamma_05_thr,0.5,TRUE,pearson,FALSE,diff_g05_thr_w56_high_minus_low
g05_thr,56,USE2_SPACE150,USE2_HANDWASH20,-0.07941332556726,0.07941332556726,383,351,behavior,behavior,non_focal,non_focal,gamma_05_thr,0.5,TRUE,pearson,FALSE,diff_g05_thr_w56_high_minus_low
g05_thr,56,USE2_MASK,USE2_SPACE150,-0.07651946891845401,0.07651946891845401,383,351,behavior,behavior,non_focal,non_focal,gamma_05_thr,0.5,TRUE,pearson,FALSE,diff_g05_thr_w56_high_minus_low
g05_thr,56,USE2_MASK,USE2_HANDWASH20,0.056624568622599986,0.056624568622599986,383,351,behavior,behavior,non_focal,non_focal,gamma_05_thr,0.5,TRUE,pearson,FALSE,diff_g05_thr_w56_high_minus_low
g05_thr,56,AFF_FEAR,WORRY_HEALTH_SYSTEM,0.03820377628981701,0.03820377628981701,383,351,affect,affect,non_focal,non_focal,gamma_05_thr,0.5,TRUE,pearson,FALSE,diff_g05_thr_w56_high_minus_low
g05_thr,56,USE2_HANDWASH20,USE2_AVOID,-0.03430983920807898,0.03430983920807898,383,351,behavior,behavior,non_focal,non_focal,gamma_05_thr,0.5,TRUE,pearson,FALSE,diff_g05_thr_w56_high_minus_low
g05_thr,56,AFF_FEAR,AFF_WORRY,0.02769321113219403,0.02769321113219403,383,351,affect,affect,non_focal,non_focal,gamma_05_thr,0.5,TRUE,pearson,FALSE,diff_g05_thr_w56_high_minus_low
g05_thr,56,SEVERITY,AFF_FEAR,-0.019763069827143986,0.019763069827143986,383,351,belief,affect,focal_belief,non_focal,gamma_05_thr,0.5,TRUE,pearson,FALSE,diff_g05_thr_w56_high_minus_low
g05_thr,56,USE2_SPACE150,USE2_AVOID,4.578957897299896e-5,4.578957897299896e-5,383,351,behavior,behavior,non_focal,non_focal,gamma_05_thr,0.5,TRUE,pearson,FALSE,diff_g05_thr_w56_high_minus_low
g05_thr,56,SEVERITY,WORRY_HEALTH_SYSTEM,0,0,383,351,belief,affect,focal_belief,non_focal,gamma_05_thr,0.5,TRUE,pearson,FALSE,diff_g05_thr_w56_high_minus_low
g05_thr,56,SEVERITY,USE2_MASK,0,0,383,351,belief,behavior,focal_belief,non_focal,gamma_05_thr,0.5,TRUE,pearson,FALSE,diff_g05_thr_w56_high_minus_low
g05_thr,56,AFF_FEAR,USE2_MASK,0,0,383,351,affect,behavior,non_focal,non_focal,gamma_05_thr,0.5,TRUE,pearson,FALSE,diff_g05_thr_w56_high_minus_low
g05_thr,56,WORRY_HEALTH_SYSTEM,USE2_MASK,0,0,383,351,affect,behavior,non_focal,non_focal,gamma_05_thr,0.5,TRUE,pearson,FALSE,diff_g05_thr_w56_high_minus_low
g05_thr,56,SEVERITY,USE2_SPACE150,0,0,383,351,belief,behavior,focal_belief,non_focal,gamma_05_thr,0.5,TRUE,pearson,FALSE,diff_g05_thr_w56_high_minus_low
g05_thr,56,AFF_FEAR,USE2_SPACE150,0,0,383,351,affect,behavior,non_focal,non_focal,gamma_05_thr,0.5,TRUE,pearson,FALSE,diff_g05_thr_w56_high_minus_low
g05_thr,56,AFF_WORRY,USE2_SPACE150,0,0,383,351,affect,behavior,non_focal,non_focal,gamma_05_thr,0.5,TRUE,pearson,FALSE,diff_g05_thr_w56_high_minus_low
g05_thr,56,WORRY_HEALTH_SYSTEM,USE2_SPACE150,0,0,383,351,affect,behavior,non_focal,non_focal,gamma_05_thr,0.5,TRUE,pearson,FALSE,diff_g05_thr_w56_high_minus_low
g05_thr,56,AFF_FEAR,USE2_HANDWASH20,0,0,383,351,affect,behavior,non_focal,non_focal,gamma_05_thr,0.5,TRUE,pearson,FALSE,diff_g05_thr_w56_high_minus_low
g05_thr,56,AFF_WORRY,USE2_HANDWASH20,0,0,383,351,affect,behavior,non_focal,non_focal,gamma_05_thr,0.5,TRUE,pearson,FALSE,diff_g05_thr_w56_high_minus_low
g05_thr,56,WORRY_HEALTH_SYSTEM,USE2_HANDWASH20,0,0,383,351,affect,behavior,non_focal,non_focal,gamma_05_thr,0.5,TRUE,pearson,FALSE,diff_g05_thr_w56_high_minus_low
g05_thr,56,AFF_FEAR,USE2_AVOID,0,0,383,351,affect,behavior,non_focal,non_focal,gamma_05_thr,0.5,TRUE,pearson,FALSE,diff_g05_thr_w56_high_minus_low
g05_thr,56,AFF_WORRY,USE2_AVOID,0,0,383,351,affect,behavior,non_focal,non_focal,gamma_05_thr,0.5,TRUE,pearson,FALSE,diff_g05_thr_w56_high_minus_low
g05_thr,56,WORRY_HEALTH_SYSTEM,USE2_AVOID,0,0,383,351,affect,behavior,non_focal,non_focal,gamma_05_thr,0.5,TRUE,pearson,FALSE,diff_g05_thr_w56_high_minus_low
g05_thr,56,USE2_MASK,USE2_AVOID,0,0,383,351,behavior,behavior,non_focal,non_focal,gamma_05_thr,0.5,TRUE,pearson,FALSE,diff_g05_thr_w56_high_minus_low
g05_thr,57,USE2_MASK,USE2_SPACE150,-0.296531930462271,0.296531930462271,336,407,behavior,behavior,non_focal,non_focal,gamma_05_thr,0.5,TRUE,pearson,FALSE,diff_g05_thr_w57_high_minus_low
g05_thr,57,USE2_SPACE150,USE2_HANDWASH20,-0.283617756268359,0.283617756268359,336,407,behavior,behavior,non_focal,non_focal,gamma_05_thr,0.5,TRUE,pearson,FALSE,diff_g05_thr_w57_high_minus_low
g05_thr,57,SEVERITY,AFF_FEAR,0.244663534192224,0.244663534192224,336,407,belief,affect,focal_belief,non_focal,gamma_05_thr,0.5,TRUE,pearson,FALSE,diff_g05_thr_w57_high_minus_low
g05_thr,57,SEVERITY,AFF_WORRY,-0.181923687523036,0.181923687523036,336,407,belief,affect,focal_belief,non_focal,gamma_05_thr,0.5,TRUE,pearson,FALSE,diff_g05_thr_w57_high_minus_low
g05_thr,57,USE2_HANDWASH20,USE2_AVOID,-0.179438901709401,0.179438901709401,336,407,behavior,behavior,non_focal,non_focal,gamma_05_thr,0.5,TRUE,pearson,FALSE,diff_g05_thr_w57_high_minus_low
g05_thr,57,WORRY_HEALTH_SYSTEM,USE2_MASK,-0.173084571515255,0.173084571515255,336,407,affect,behavior,non_focal,non_focal,gamma_05_thr,0.5,TRUE,pearson,FALSE,diff_g05_thr_w57_high_minus_low
g05_thr,57,AFF_FEAR,AFF_WORRY,-0.17128372413252502,0.17128372413252502,336,407,affect,affect,non_focal,non_focal,gamma_05_thr,0.5,TRUE,pearson,FALSE,diff_g05_thr_w57_high_minus_low
g05_thr,57,WORRY_HEALTH_SYSTEM,USE2_AVOID,-0.149281033955765,0.149281033955765,336,407,affect,behavior,non_focal,non_focal,gamma_05_thr,0.5,TRUE,pearson,FALSE,diff_g05_thr_w57_high_minus_low
g05_thr,57,SEVERITY,WORRY_HEALTH_SYSTEM,-0.144283593508917,0.144283593508917,336,407,belief,affect,focal_belief,non_focal,gamma_05_thr,0.5,TRUE,pearson,FALSE,diff_g05_thr_w57_high_minus_low
g05_thr,57,AFF_FEAR,USE2_AVOID,0.117437609661666,0.117437609661666,336,407,affect,behavior,non_focal,non_focal,gamma_05_thr,0.5,TRUE,pearson,FALSE,diff_g05_thr_w57_high_minus_low
g05_thr,57,AFF_WORRY,WORRY_HEALTH_SYSTEM,0.10159458780140398,0.10159458780140398,336,407,affect,affect,non_focal,non_focal,gamma_05_thr,0.5,TRUE,pearson,FALSE,diff_g05_thr_w57_high_minus_low
g05_thr,57,AFF_WORRY,USE2_MASK,-0.0920445939079548,0.0920445939079548,336,407,affect,behavior,non_focal,non_focal,gamma_05_thr,0.5,TRUE,pearson,FALSE,diff_g05_thr_w57_high_minus_low
g05_thr,57,USE2_SPACE150,USE2_AVOID,-0.04385780746857998,0.04385780746857998,336,407,behavior,behavior,non_focal,non_focal,gamma_05_thr,0.5,TRUE,pearson,FALSE,diff_g05_thr_w57_high_minus_low
g05_thr,57,USE2_MASK,USE2_HANDWASH20,-0.013129625563213981,0.013129625563213981,336,407,behavior,behavior,non_focal,non_focal,gamma_05_thr,0.5,TRUE,pearson,FALSE,diff_g05_thr_w57_high_minus_low
g05_thr,57,AFF_FEAR,WORRY_HEALTH_SYSTEM,0,0,336,407,affect,affect,non_focal,non_focal,gamma_05_thr,0.5,TRUE,pearson,FALSE,diff_g05_thr_w57_high_minus_low
g05_thr,57,SEVERITY,USE2_MASK,0,0,336,407,belief,behavior,focal_belief,non_focal,gamma_05_thr,0.5,TRUE,pearson,FALSE,diff_g05_thr_w57_high_minus_low
g05_thr,57,AFF_FEAR,USE2_MASK,0,0,336,407,affect,behavior,non_focal,non_focal,gamma_05_thr,0.5,TRUE,pearson,FALSE,diff_g05_thr_w57_high_minus_low
g05_thr,57,SEVERITY,USE2_SPACE150,0,0,336,407,belief,behavior,focal_belief,non_focal,gamma_05_thr,0.5,TRUE,pearson,FALSE,diff_g05_thr_w57_high_minus_low
g05_thr,57,AFF_FEAR,USE2_SPACE150,0,0,336,407,affect,behavior,non_focal,non_focal,gamma_05_thr,0.5,TRUE,pearson,FALSE,diff_g05_thr_w57_high_minus_low
g05_thr,57,AFF_WORRY,USE2_SPACE150,0,0,336,407,affect,behavior,non_focal,non_focal,gamma_05_thr,0.5,TRUE,pearson,FALSE,diff_g05_thr_w57_high_minus_low
g05_thr,57,WORRY_HEALTH_SYSTEM,USE2_SPACE150,0,0,336,407,affect,behavior,non_focal,non_focal,gamma_05_thr,0.5,TRUE,pearson,FALSE,diff_g05_thr_w57_high_minus_low
g05_thr,57,SEVERITY,USE2_HANDWASH20,0,0,336,407,belief,behavior,focal_belief,non_focal,gamma_05_thr,0.5,TRUE,pearson,FALSE,diff_g05_thr_w57_high_minus_low
g05_thr,57,AFF_FEAR,USE2_HANDWASH20,0,0,336,407,affect,behavior,non_focal,non_focal,gamma_05_thr,0.5,TRUE,pearson,FALSE,diff_g05_thr_w57_high_minus_low
g05_thr,57,AFF_WORRY,USE2_HANDWASH20,0,0,336,407,affect,behavior,non_focal,non_focal,gamma_05_thr,0.5,TRUE,pearson,FALSE,diff_g05_thr_w57_high_minus_low
g05_thr,57,WORRY_HEALTH_SYSTEM,USE2_HANDWASH20,0,0,336,407,affect,behavior,non_focal,non_focal,gamma_05_thr,0.5,TRUE,pearson,FALSE,diff_g05_thr_w57_high_minus_low
g05_thr,57,SEVERITY,USE2_AVOID,0,0,336,407,belief,behavior,focal_belief,non_focal,gamma_05_thr,0.5,TRUE,pearson,FALSE,diff_g05_thr_w57_high_minus_low
g05_thr,57,AFF_WORRY,USE2_AVOID,0,0,336,407,affect,behavior,non_focal,non_focal,gamma_05_thr,0.5,TRUE,pearson,FALSE,diff_g05_thr_w57_high_minus_low
g05_thr,57,USE2_MASK,USE2_AVOID,0,0,336,407,behavior,behavior,non_focal,non_focal,gamma_05_thr,0.5,TRUE,pearson,FALSE,diff_g05_thr_w57_high_minus_low
g075,55,USE2_MASK,USE2_SPACE150,-0.13676418600359697,0.13676418600359697,376,309,behavior,behavior,non_focal,non_focal,gamma_075,0.75,FALSE,pearson,FALSE,diff_g075_w55_high_minus_low
g075,55,USE2_MASK,USE2_AVOID,-0.1252353331432458,0.1252353331432458,376,309,behavior,behavior,non_focal,non_focal,gamma_075,0.75,FALSE,pearson,FALSE,diff_g075_w55_high_minus_low
g075,55,WORRY_HEALTH_SYSTEM,USE2_HANDWASH20,-0.1175761727614116,0.1175761727614116,376,309,affect,behavior,non_focal,non_focal,gamma_075,0.75,FALSE,pearson,FALSE,diff_g075_w55_high_minus_low
g075,55,SEVERITY,USE2_AVOID,0.1137854967950567,0.1137854967950567,376,309,belief,behavior,focal_belief,non_focal,gamma_075,0.75,FALSE,pearson,FALSE,diff_g075_w55_high_minus_low
g075,55,SEVERITY,WORRY_HEALTH_SYSTEM,-0.09853199293306711,0.09853199293306711,376,309,belief,affect,focal_belief,non_focal,gamma_075,0.75,FALSE,pearson,FALSE,diff_g075_w55_high_minus_low
g075,55,SEVERITY,USE2_SPACE150,0.0894445432236938,0.0894445432236938,376,309,belief,behavior,focal_belief,non_focal,gamma_075,0.75,FALSE,pearson,FALSE,diff_g075_w55_high_minus_low
g075,55,WORRY_HEALTH_SYSTEM,USE2_MASK,-0.08483714386850022,0.08483714386850022,376,309,affect,behavior,non_focal,non_focal,gamma_075,0.75,FALSE,pearson,FALSE,diff_g075_w55_high_minus_low
g075,55,SEVERITY,AFF_FEAR,-0.07884556426720499,0.07884556426720499,376,309,belief,affect,focal_belief,non_focal,gamma_075,0.75,FALSE,pearson,FALSE,diff_g075_w55_high_minus_low
g075,55,AFF_FEAR,WORRY_HEALTH_SYSTEM,0.07668782349226791,0.07668782349226791,376,309,affect,affect,non_focal,non_focal,gamma_075,0.75,FALSE,pearson,FALSE,diff_g075_w55_high_minus_low
g075,55,AFF_WORRY,USE2_SPACE150,-0.0705413622572092,0.0705413622572092,376,309,affect,behavior,non_focal,non_focal,gamma_075,0.75,FALSE,pearson,FALSE,diff_g075_w55_high_minus_low
g075,55,USE2_SPACE150,USE2_AVOID,-0.04673540688771802,0.04673540688771802,376,309,behavior,behavior,non_focal,non_focal,gamma_075,0.75,FALSE,pearson,FALSE,diff_g075_w55_high_minus_low
g075,55,AFF_WORRY,WORRY_HEALTH_SYSTEM,-0.043695846380348194,0.043695846380348194,376,309,affect,affect,non_focal,non_focal,gamma_075,0.75,FALSE,pearson,FALSE,diff_g075_w55_high_minus_low
g075,55,AFF_FEAR,USE2_AVOID,-0.03616977308333061,0.03616977308333061,376,309,affect,behavior,non_focal,non_focal,gamma_075,0.75,FALSE,pearson,FALSE,diff_g075_w55_high_minus_low
g075,55,USE2_SPACE150,USE2_HANDWASH20,-0.03423791954399,0.03423791954399,376,309,behavior,behavior,non_focal,non_focal,gamma_075,0.75,FALSE,pearson,FALSE,diff_g075_w55_high_minus_low
g075,55,AFF_WORRY,USE2_AVOID,-0.030623763816989003,0.030623763816989003,376,309,affect,behavior,non_focal,non_focal,gamma_075,0.75,FALSE,pearson,FALSE,diff_g075_w55_high_minus_low
g075,55,AFF_WORRY,USE2_HANDWASH20,0.0245705359669269,0.0245705359669269,376,309,affect,behavior,non_focal,non_focal,gamma_075,0.75,FALSE,pearson,FALSE,diff_g075_w55_high_minus_low
g075,55,WORRY_HEALTH_SYSTEM,USE2_SPACE150,0.0237027217455138,0.0237027217455138,376,309,affect,behavior,non_focal,non_focal,gamma_075,0.75,FALSE,pearson,FALSE,diff_g075_w55_high_minus_low
g075,55,USE2_MASK,USE2_HANDWASH20,0.018444226651358003,0.018444226651358003,376,309,behavior,behavior,non_focal,non_focal,gamma_075,0.75,FALSE,pearson,FALSE,diff_g075_w55_high_minus_low
g075,55,SEVERITY,USE2_MASK,-0.0173270098917509,0.0173270098917509,376,309,belief,behavior,focal_belief,non_focal,gamma_075,0.75,FALSE,pearson,FALSE,diff_g075_w55_high_minus_low
g075,55,USE2_HANDWASH20,USE2_AVOID,0.016813297169997007,0.016813297169997007,376,309,behavior,behavior,non_focal,non_focal,gamma_075,0.75,FALSE,pearson,FALSE,diff_g075_w55_high_minus_low
g075,55,AFF_FEAR,USE2_HANDWASH20,0.0162001660027963,0.0162001660027963,376,309,affect,behavior,non_focal,non_focal,gamma_075,0.75,FALSE,pearson,FALSE,diff_g075_w55_high_minus_low
g075,55,SEVERITY,AFF_WORRY,-0.015586917098181705,0.015586917098181705,376,309,belief,affect,focal_belief,non_focal,gamma_075,0.75,FALSE,pearson,FALSE,diff_g075_w55_high_minus_low
g075,55,AFF_WORRY,USE2_MASK,-0.0155628239941265,0.0155628239941265,376,309,affect,behavior,non_focal,non_focal,gamma_075,0.75,FALSE,pearson,FALSE,diff_g075_w55_high_minus_low
g075,55,SEVERITY,USE2_HANDWASH20,0.01420736024556039,0.01420736024556039,376,309,belief,behavior,focal_belief,non_focal,gamma_075,0.75,FALSE,pearson,FALSE,diff_g075_w55_high_minus_low
g075,55,AFF_FEAR,AFF_WORRY,-0.0012186318519070705,0.0012186318519070705,376,309,affect,affect,non_focal,non_focal,gamma_075,0.75,FALSE,pearson,FALSE,diff_g075_w55_high_minus_low
g075,55,WORRY_HEALTH_SYSTEM,USE2_AVOID,-6.477114967472983e-4,6.477114967472983e-4,376,309,affect,behavior,non_focal,non_focal,gamma_075,0.75,FALSE,pearson,FALSE,diff_g075_w55_high_minus_low
g075,55,AFF_FEAR,USE2_MASK,0,0,376,309,affect,behavior,non_focal,non_focal,gamma_075,0.75,FALSE,pearson,FALSE,diff_g075_w55_high_minus_low
g075,55,AFF_FEAR,USE2_SPACE150,0,0,376,309,affect,behavior,non_focal,non_focal,gamma_075,0.75,FALSE,pearson,FALSE,diff_g075_w55_high_minus_low
g075,56,SEVERITY,AFF_WORRY,-0.2282097937944493,0.2282097937944493,383,351,belief,affect,focal_belief,non_focal,gamma_075,0.75,FALSE,pearson,FALSE,diff_g075_w56_high_minus_low
g075,56,AFF_WORRY,USE2_MASK,-0.122296617057614,0.122296617057614,383,351,affect,behavior,non_focal,non_focal,gamma_075,0.75,FALSE,pearson,FALSE,diff_g075_w56_high_minus_low
g075,56,AFF_WORRY,WORRY_HEALTH_SYSTEM,-0.11313088698837839,0.11313088698837839,383,351,affect,affect,non_focal,non_focal,gamma_075,0.75,FALSE,pearson,FALSE,diff_g075_w56_high_minus_low
g075,56,SEVERITY,USE2_HANDWASH20,0.10326597434691,0.10326597434691,383,351,belief,behavior,focal_belief,non_focal,gamma_075,0.75,FALSE,pearson,FALSE,diff_g075_w56_high_minus_low
g075,56,USE2_MASK,USE2_SPACE150,-0.09665432295364901,0.09665432295364901,383,351,behavior,behavior,non_focal,non_focal,gamma_075,0.75,FALSE,pearson,FALSE,diff_g075_w56_high_minus_low
g075,56,WORRY_HEALTH_SYSTEM,USE2_AVOID,0.08758986145043539,0.08758986145043539,383,351,affect,behavior,non_focal,non_focal,gamma_075,0.75,FALSE,pearson,FALSE,diff_g075_w56_high_minus_low
g075,56,USE2_MASK,USE2_AVOID,-0.08412503057287418,0.08412503057287418,383,351,behavior,behavior,non_focal,non_focal,gamma_075,0.75,FALSE,pearson,FALSE,diff_g075_w56_high_minus_low
g075,56,WORRY_HEALTH_SYSTEM,USE2_HANDWASH20,0.0766582332275105,0.0766582332275105,383,351,affect,behavior,non_focal,non_focal,gamma_075,0.75,FALSE,pearson,FALSE,diff_g075_w56_high_minus_low
g075,56,USE2_SPACE150,USE2_HANDWASH20,-0.07278246905546701,0.07278246905546701,383,351,behavior,behavior,non_focal,non_focal,gamma_075,0.75,FALSE,pearson,FALSE,diff_g075_w56_high_minus_low
g075,56,SEVERITY,WORRY_HEALTH_SYSTEM,-0.0695622643782032,0.0695622643782032,383,351,belief,affect,focal_belief,non_focal,gamma_075,0.75,FALSE,pearson,FALSE,diff_g075_w56_high_minus_low
g075,56,AFF_WORRY,USE2_AVOID,0.0685615943391421,0.0685615943391421,383,351,affect,behavior,non_focal,non_focal,gamma_075,0.75,FALSE,pearson,FALSE,diff_g075_w56_high_minus_low
g075,56,WORRY_HEALTH_SYSTEM,USE2_MASK,0.051650649525263395,0.051650649525263395,383,351,affect,behavior,non_focal,non_focal,gamma_075,0.75,FALSE,pearson,FALSE,diff_g075_w56_high_minus_low
g075,56,AFF_WORRY,USE2_SPACE150,-0.0422068154514394,0.0422068154514394,383,351,affect,behavior,non_focal,non_focal,gamma_075,0.75,FALSE,pearson,FALSE,diff_g075_w56_high_minus_low
g075,56,USE2_MASK,USE2_HANDWASH20,0.03921785495115901,0.03921785495115901,383,351,behavior,behavior,non_focal,non_focal,gamma_075,0.75,FALSE,pearson,FALSE,diff_g075_w56_high_minus_low
g075,56,SEVERITY,AFF_FEAR,-0.038243548722588006,0.038243548722588006,383,351,belief,affect,focal_belief,non_focal,gamma_075,0.75,FALSE,pearson,FALSE,diff_g075_w56_high_minus_low
g075,56,SEVERITY,USE2_SPACE150,0.03799379928064069,0.03799379928064069,383,351,belief,behavior,focal_belief,non_focal,gamma_075,0.75,FALSE,pearson,FALSE,diff_g075_w56_high_minus_low
g075,56,USE2_HANDWASH20,USE2_AVOID,-0.031854782028787,0.031854782028787,383,351,behavior,behavior,non_focal,non_focal,gamma_075,0.75,FALSE,pearson,FALSE,diff_g075_w56_high_minus_low
g075,56,AFF_FEAR,WORRY_HEALTH_SYSTEM,0.021380441381852994,0.021380441381852994,383,351,affect,affect,non_focal,non_focal,gamma_075,0.75,FALSE,pearson,FALSE,diff_g075_w56_high_minus_low
g075,56,AFF_FEAR,USE2_AVOID,0.0205378663024684,0.0205378663024684,383,351,affect,behavior,non_focal,non_focal,gamma_075,0.75,FALSE,pearson,FALSE,diff_g075_w56_high_minus_low
g075,56,SEVERITY,USE2_AVOID,-0.019592633350136,0.019592633350136,383,351,belief,behavior,focal_belief,non_focal,gamma_075,0.75,FALSE,pearson,FALSE,diff_g075_w56_high_minus_low
g075,56,AFF_FEAR,USE2_SPACE150,0.0112771293148659,0.0112771293148659,383,351,affect,behavior,non_focal,non_focal,gamma_075,0.75,FALSE,pearson,FALSE,diff_g075_w56_high_minus_low
g075,56,AFF_FEAR,AFF_WORRY,0.009002086012737998,0.009002086012737998,383,351,affect,affect,non_focal,non_focal,gamma_075,0.75,FALSE,pearson,FALSE,diff_g075_w56_high_minus_low
g075,56,WORRY_HEALTH_SYSTEM,USE2_SPACE150,0.008800758771214598,0.008800758771214598,383,351,affect,behavior,non_focal,non_focal,gamma_075,0.75,FALSE,pearson,FALSE,diff_g075_w56_high_minus_low
g075,56,USE2_SPACE150,USE2_AVOID,-0.006011391625710016,0.006011391625710016,383,351,behavior,behavior,non_focal,non_focal,gamma_075,0.75,FALSE,pearson,FALSE,diff_g075_w56_high_minus_low
g075,56,AFF_FEAR,USE2_MASK,-0.00418535556217125,0.00418535556217125,383,351,affect,behavior,non_focal,non_focal,gamma_075,0.75,FALSE,pearson,FALSE,diff_g075_w56_high_minus_low
g075,56,SEVERITY,USE2_MASK,0,0,383,351,belief,behavior,focal_belief,non_focal,gamma_075,0.75,FALSE,pearson,FALSE,diff_g075_w56_high_minus_low
g075,56,AFF_FEAR,USE2_HANDWASH20,0,0,383,351,affect,behavior,non_focal,non_focal,gamma_075,0.75,FALSE,pearson,FALSE,diff_g075_w56_high_minus_low
g075,56,AFF_WORRY,USE2_HANDWASH20,0,0,383,351,affect,behavior,non_focal,non_focal,gamma_075,0.75,FALSE,pearson,FALSE,diff_g075_w56_high_minus_low
g075,57,USE2_MASK,USE2_SPACE150,-0.2304435229387674,0.2304435229387674,336,407,behavior,behavior,non_focal,non_focal,gamma_075,0.75,FALSE,pearson,FALSE,diff_g075_w57_high_minus_low
g075,57,AFF_FEAR,AFF_WORRY,-0.19520564151554198,0.19520564151554198,336,407,affect,affect,non_focal,non_focal,gamma_075,0.75,FALSE,pearson,FALSE,diff_g075_w57_high_minus_low
g075,57,USE2_SPACE150,USE2_HANDWASH20,-0.165344938276566,0.165344938276566,336,407,behavior,behavior,non_focal,non_focal,gamma_075,0.75,FALSE,pearson,FALSE,diff_g075_w57_high_minus_low
g075,57,SEVERITY,AFF_FEAR,0.14532014135118287,0.14532014135118287,336,407,belief,affect,focal_belief,non_focal,gamma_075,0.75,FALSE,pearson,FALSE,diff_g075_w57_high_minus_low
g075,57,SEVERITY,WORRY_HEALTH_SYSTEM,-0.142145431091419,0.142145431091419,336,407,belief,affect,focal_belief,non_focal,gamma_075,0.75,FALSE,pearson,FALSE,diff_g075_w57_high_minus_low
g075,57,USE2_HANDWASH20,USE2_AVOID,-0.10284979011443039,0.10284979011443039,336,407,behavior,behavior,non_focal,non_focal,gamma_075,0.75,FALSE,pearson,FALSE,diff_g075_w57_high_minus_low
g075,57,SEVERITY,USE2_AVOID,-0.0950565129638646,0.0950565129638646,336,407,belief,behavior,focal_belief,non_focal,gamma_075,0.75,FALSE,pearson,FALSE,diff_g075_w57_high_minus_low
g075,57,SEVERITY,AFF_WORRY,-0.0876771815616432,0.0876771815616432,336,407,belief,affect,focal_belief,non_focal,gamma_075,0.75,FALSE,pearson,FALSE,diff_g075_w57_high_minus_low
g075,57,AFF_WORRY,USE2_MASK,-0.0831061374360172,0.0831061374360172,336,407,affect,behavior,non_focal,non_focal,gamma_075,0.75,FALSE,pearson,FALSE,diff_g075_w57_high_minus_low
g075,57,AFF_WORRY,WORRY_HEALTH_SYSTEM,0.07897606729618198,0.07897606729618198,336,407,affect,affect,non_focal,non_focal,gamma_075,0.75,FALSE,pearson,FALSE,diff_g075_w57_high_minus_low
g075,57,USE2_SPACE150,USE2_AVOID,-0.07562146697862598,0.07562146697862598,336,407,behavior,behavior,non_focal,non_focal,gamma_075,0.75,FALSE,pearson,FALSE,diff_g075_w57_high_minus_low
g075,57,WORRY_HEALTH_SYSTEM,USE2_HANDWASH20,0.0727061493857616,0.0727061493857616,336,407,affect,behavior,non_focal,non_focal,gamma_075,0.75,FALSE,pearson,FALSE,diff_g075_w57_high_minus_low
g075,57,WORRY_HEALTH_SYSTEM,USE2_AVOID,-0.07172090022372321,0.07172090022372321,336,407,affect,behavior,non_focal,non_focal,gamma_075,0.75,FALSE,pearson,FALSE,diff_g075_w57_high_minus_low
g075,57,AFF_FEAR,USE2_AVOID,0.0621601191749037,0.0621601191749037,336,407,affect,behavior,non_focal,non_focal,gamma_075,0.75,FALSE,pearson,FALSE,diff_g075_w57_high_minus_low
g075,57,WORRY_HEALTH_SYSTEM,USE2_MASK,-0.056809509353017984,0.056809509353017984,336,407,affect,behavior,non_focal,non_focal,gamma_075,0.75,FALSE,pearson,FALSE,diff_g075_w57_high_minus_low
g075,57,SEVERITY,USE2_SPACE150,-0.0518376003125831,0.0518376003125831,336,407,belief,behavior,focal_belief,non_focal,gamma_075,0.75,FALSE,pearson,FALSE,diff_g075_w57_high_minus_low
g075,57,AFF_WORRY,USE2_SPACE150,0.0424758401645531,0.0424758401645531,336,407,affect,behavior,non_focal,non_focal,gamma_075,0.75,FALSE,pearson,FALSE,diff_g075_w57_high_minus_low
g075,57,SEVERITY,USE2_HANDWASH20,0.0408160253815509,0.0408160253815509,336,407,belief,behavior,focal_belief,non_focal,gamma_075,0.75,FALSE,pearson,FALSE,diff_g075_w57_high_minus_low
g075,57,USE2_MASK,USE2_HANDWASH20,-0.033645331325206,0.033645331325206,336,407,behavior,behavior,non_focal,non_focal,gamma_075,0.75,FALSE,pearson,FALSE,diff_g075_w57_high_minus_low
g075,57,USE2_MASK,USE2_AVOID,0.03363397074480701,0.03363397074480701,336,407,behavior,behavior,non_focal,non_focal,gamma_075,0.75,FALSE,pearson,FALSE,diff_g075_w57_high_minus_low
g075,57,AFF_FEAR,USE2_MASK,0.0173779072867365,0.0173779072867365,336,407,affect,behavior,non_focal,non_focal,gamma_075,0.75,FALSE,pearson,FALSE,diff_g075_w57_high_minus_low
g075,57,AFF_WORRY,USE2_HANDWASH20,-0.0162213900096129,0.0162213900096129,336,407,affect,behavior,non_focal,non_focal,gamma_075,0.75,FALSE,pearson,FALSE,diff_g075_w57_high_minus_low
g075,57,AFF_WORRY,USE2_AVOID,-0.0110123122934447,0.0110123122934447,336,407,affect,behavior,non_focal,non_focal,gamma_075,0.75,FALSE,pearson,FALSE,diff_g075_w57_high_minus_low
g075,57,AFF_FEAR,WORRY_HEALTH_SYSTEM,-0.001600912086519704,0.001600912086519704,336,407,affect,affect,non_focal,non_focal,gamma_075,0.75,FALSE,pearson,FALSE,diff_g075_w57_high_minus_low
g075,57,SEVERITY,USE2_MASK,0,0,336,407,belief,behavior,focal_belief,non_focal,gamma_075,0.75,FALSE,pearson,FALSE,diff_g075_w57_high_minus_low
g075,57,AFF_FEAR,USE2_SPACE150,0,0,336,407,affect,behavior,non_focal,non_focal,gamma_075,0.75,FALSE,pearson,FALSE,diff_g075_w57_high_minus_low
g075,57,WORRY_HEALTH_SYSTEM,USE2_SPACE150,0,0,336,407,affect,behavior,non_focal,non_focal,gamma_075,0.75,FALSE,pearson,FALSE,diff_g075_w57_high_minus_low
g075,57,AFF_FEAR,USE2_HANDWASH20,0,0,336,407,affect,behavior,non_focal,non_focal,gamma_075,0.75,FALSE,pearson,FALSE,diff_g075_w57_high_minus_low
