edge_id,network_id,context_id,spec_id,from,to,edge_a,edge_b,weight,abs_weight,from_domain,to_domain,from_role,to_role,sample_weight,boot_mean,boot_sd,ci_low,ci_high,prop_nonzero,n_boot,edge_instance_id,from_node_instance_id,to_node_instance_id
net_g05_w55_high__AFF_FEAR__AFF_WORRY,net_g05_w55_high,ctx_w55_high,gamma_05,AFF_FEAR,AFF_WORRY,AFF_FEAR,AFF_WORRY,0.577395396783446,0.577395396783446,affect,affect,non_focal,non_focal,0.5773953967834455,0.5601250963464212,0.0501163938588233,0.456582585877387,0.6468484498121987,1.0,1000.0,net_g05_w55_high__AFF_FEAR__AFF_WORRY,net_g05_w55_high__AFF_FEAR,net_g05_w55_high__AFF_WORRY
net_g05_w55_high__USE2_AVOID__USE2_SPACE150,net_g05_w55_high,ctx_w55_high,gamma_05,USE2_AVOID,USE2_SPACE150,USE2_AVOID,USE2_SPACE150,0.237941172018231,0.237941172018231,behavior,behavior,non_focal,non_focal,0.2379411720182306,0.2329179392177012,0.0529698842954117,0.1238808098280984,0.3361303991520831,1.0,1000.0,net_g05_w55_high__USE2_AVOID__USE2_SPACE150,net_g05_w55_high__USE2_AVOID,net_g05_w55_high__USE2_SPACE150
net_g05_w55_high__USE2_MASK__USE2_SPACE150,net_g05_w55_high,ctx_w55_high,gamma_05,USE2_MASK,USE2_SPACE150,USE2_MASK,USE2_SPACE150,0.213591420876149,0.213591420876149,behavior,behavior,non_focal,non_focal,0.2135914208761486,0.2007786829665638,0.0654999126709917,0.0663581217058019,0.3198838531446905,0.997,1000.0,net_g05_w55_high__USE2_MASK__USE2_SPACE150,net_g05_w55_high__USE2_MASK,net_g05_w55_high__USE2_SPACE150
net_g05_w55_high__USE2_HANDWASH20__USE2_SPACE150,net_g05_w55_high,ctx_w55_high,gamma_05,USE2_HANDWASH20,USE2_SPACE150,USE2_HANDWASH20,USE2_SPACE150,0.203363554987358,0.203363554987358,behavior,behavior,non_focal,non_focal,0.2033635549873583,0.1971648803588154,0.0607664746137416,0.0752656640460877,0.3161542074747108,1.0,1000.0,net_g05_w55_high__USE2_HANDWASH20__USE2_SPACE150,net_g05_w55_high__USE2_HANDWASH20,net_g05_w55_high__USE2_SPACE150
net_g05_w55_high__AFF_FEAR__SEVERITY,net_g05_w55_high,ctx_w55_high,gamma_05,AFF_FEAR,SEVERITY,AFF_FEAR,SEVERITY,0.196327612507214,0.196327612507214,affect,belief,non_focal,focal_belief,0.1963276125072141,0.1991228240509721,0.0496467321929639,0.0925392685812561,0.2916245648927696,1.0,1000.0,net_g05_w55_high__AFF_FEAR__SEVERITY,net_g05_w55_high__AFF_FEAR,net_g05_w55_high__SEVERITY
net_g05_w55_high__USE2_HANDWASH20__USE2_MASK,net_g05_w55_high,ctx_w55_high,gamma_05,USE2_HANDWASH20,USE2_MASK,USE2_HANDWASH20,USE2_MASK,0.183261537038166,0.183261537038166,behavior,behavior,non_focal,non_focal,0.1832615370381657,0.1705987567785988,0.0571382123562837,0.0546514367290631,0.28380802982468,0.995,1000.0,net_g05_w55_high__USE2_HANDWASH20__USE2_MASK,net_g05_w55_high__USE2_HANDWASH20,net_g05_w55_high__USE2_MASK
net_g05_w55_high__AFF_FEAR__WORRY_HEALTH_SYSTEM,net_g05_w55_high,ctx_w55_high,gamma_05,AFF_FEAR,WORRY_HEALTH_SYSTEM,AFF_FEAR,WORRY_HEALTH_SYSTEM,0.177961502428284,0.177961502428284,affect,affect,non_focal,non_focal,0.1779615024282843,0.1737192345307551,0.0583088899512332,0.0537256755603254,0.2805722803758895,0.999,1000.0,net_g05_w55_high__AFF_FEAR__WORRY_HEALTH_SYSTEM,net_g05_w55_high__AFF_FEAR,net_g05_w55_high__WORRY_HEALTH_SYSTEM
net_g05_w55_high__USE2_AVOID__USE2_HANDWASH20,net_g05_w55_high,ctx_w55_high,gamma_05,USE2_AVOID,USE2_HANDWASH20,USE2_AVOID,USE2_HANDWASH20,0.144586027992396,0.144586027992396,behavior,behavior,non_focal,non_focal,0.1445860279923959,0.1396358122397084,0.0529090364358374,0.0314918346076091,0.2422949497214615,0.995,1000.0,net_g05_w55_high__USE2_AVOID__USE2_HANDWASH20,net_g05_w55_high__USE2_AVOID,net_g05_w55_high__USE2_HANDWASH20
net_g05_w55_high__SEVERITY__USE2_AVOID,net_g05_w55_high,ctx_w55_high,gamma_05,SEVERITY,USE2_AVOID,SEVERITY,USE2_AVOID,0.140764338519382,0.140764338519382,belief,behavior,focal_belief,non_focal,0.1407643385193815,0.1311756931938796,0.0521275555904269,0.0247815101897065,0.234604118761972,0.989,1000.0,net_g05_w55_high__SEVERITY__USE2_AVOID,net_g05_w55_high__SEVERITY,net_g05_w55_high__USE2_AVOID
net_g05_w55_high__SEVERITY__USE2_SPACE150,net_g05_w55_high,ctx_w55_high,gamma_05,SEVERITY,USE2_SPACE150,SEVERITY,USE2_SPACE150,0.127413905783985,0.127413905783985,belief,behavior,focal_belief,non_focal,0.1274139057839849,0.1220673075040059,0.0565595163549482,0.0,0.2353567530169797,0.972,1000.0,net_g05_w55_high__SEVERITY__USE2_SPACE150,net_g05_w55_high__SEVERITY,net_g05_w55_high__USE2_SPACE150
net_g05_w55_high__SEVERITY__WORRY_HEALTH_SYSTEM,net_g05_w55_high,ctx_w55_high,gamma_05,SEVERITY,WORRY_HEALTH_SYSTEM,SEVERITY,WORRY_HEALTH_SYSTEM,0.102511994485101,0.102511994485101,belief,affect,focal_belief,non_focal,0.1025119944851007,0.0919209227673156,0.0514005743049832,0.0,0.1897927433984717,0.944,1000.0,net_g05_w55_high__SEVERITY__WORRY_HEALTH_SYSTEM,net_g05_w55_high__SEVERITY,net_g05_w55_high__WORRY_HEALTH_SYSTEM
net_g05_w55_high__SEVERITY__USE2_MASK,net_g05_w55_high,ctx_w55_high,gamma_05,SEVERITY,USE2_MASK,SEVERITY,USE2_MASK,-0.0806019517753901,0.0806019517753901,belief,behavior,focal_belief,non_focal,-0.0806019517753901,-0.063350807134822,0.0663960304467172,-0.1990387811125364,0.0,0.59,1000.0,net_g05_w55_high__SEVERITY__USE2_MASK,net_g05_w55_high__SEVERITY,net_g05_w55_high__USE2_MASK
net_g05_w55_high__USE2_MASK__WORRY_HEALTH_SYSTEM,net_g05_w55_high,ctx_w55_high,gamma_05,USE2_MASK,WORRY_HEALTH_SYSTEM,USE2_MASK,WORRY_HEALTH_SYSTEM,0.0780150510238488,0.0780150510238488,behavior,affect,non_focal,non_focal,0.0780150510238488,0.0664405622049806,0.0524705029523102,0.0,0.1765785649562087,0.803,1000.0,net_g05_w55_high__USE2_MASK__WORRY_HEALTH_SYSTEM,net_g05_w55_high__USE2_MASK,net_g05_w55_high__WORRY_HEALTH_SYSTEM
net_g05_w55_high__AFF_FEAR__USE2_AVOID,net_g05_w55_high,ctx_w55_high,gamma_05,AFF_FEAR,USE2_AVOID,AFF_FEAR,USE2_AVOID,0.0711266175466007,0.0711266175466007,affect,behavior,non_focal,non_focal,0.0711266175466006,0.0695266466798114,0.0467933162131525,0.0,0.1627933580269244,0.89,1000.0,net_g05_w55_high__AFF_FEAR__USE2_AVOID,net_g05_w55_high__AFF_FEAR,net_g05_w55_high__USE2_AVOID
net_g05_w55_high__AFF_WORRY__WORRY_HEALTH_SYSTEM,net_g05_w55_high,ctx_w55_high,gamma_05,AFF_WORRY,WORRY_HEALTH_SYSTEM,AFF_WORRY,WORRY_HEALTH_SYSTEM,0.0694854700414606,0.0694854700414606,affect,affect,non_focal,non_focal,0.0694854700414606,0.0693088850142084,0.0543566184249366,0.0,0.1896157042801939,0.833,1000.0,net_g05_w55_high__AFF_WORRY__WORRY_HEALTH_SYSTEM,net_g05_w55_high__AFF_WORRY,net_g05_w55_high__WORRY_HEALTH_SYSTEM
net_g05_w55_high__AFF_WORRY__SEVERITY,net_g05_w55_high,ctx_w55_high,gamma_05,AFF_WORRY,SEVERITY,AFF_WORRY,SEVERITY,0.0663729854547521,0.0663729854547521,affect,belief,non_focal,focal_belief,0.066372985454752,0.0667566855419377,0.0484712300565616,0.0,0.1685416542418012,0.871,1000.0,net_g05_w55_high__AFF_WORRY__SEVERITY,net_g05_w55_high__AFF_WORRY,net_g05_w55_high__SEVERITY
net_g05_w55_high__USE2_AVOID__USE2_MASK,net_g05_w55_high,ctx_w55_high,gamma_05,USE2_AVOID,USE2_MASK,USE2_AVOID,USE2_MASK,0.0517400953753027,0.0517400953753027,behavior,behavior,non_focal,non_focal,0.0517400953753027,0.0502629400875349,0.0443469855409112,0.0,0.1534064095412141,0.743,1000.0,net_g05_w55_high__USE2_AVOID__USE2_MASK,net_g05_w55_high__USE2_AVOID,net_g05_w55_high__USE2_MASK
net_g05_w55_high__SEVERITY__USE2_HANDWASH20,net_g05_w55_high,ctx_w55_high,gamma_05,SEVERITY,USE2_HANDWASH20,SEVERITY,USE2_HANDWASH20,0.0388961673061934,0.0388961673061934,belief,behavior,focal_belief,non_focal,0.0388961673061933,0.03623241344713,0.0380142264374705,0.0,0.1240738077191274,0.663,1000.0,net_g05_w55_high__SEVERITY__USE2_HANDWASH20,net_g05_w55_high__SEVERITY,net_g05_w55_high__USE2_HANDWASH20
net_g05_w55_high__AFF_WORRY__USE2_AVOID,net_g05_w55_high,ctx_w55_high,gamma_05,AFF_WORRY,USE2_AVOID,AFF_WORRY,USE2_AVOID,0.0348509279979277,0.0348509279979277,affect,behavior,non_focal,non_focal,0.0348509279979276,0.0401723377758067,0.0415543102155052,0.0,0.1324778724380947,0.698,1000.0,net_g05_w55_high__AFF_WORRY__USE2_AVOID,net_g05_w55_high__AFF_WORRY,net_g05_w55_high__USE2_AVOID
net_g05_w55_high__USE2_AVOID__WORRY_HEALTH_SYSTEM,net_g05_w55_high,ctx_w55_high,gamma_05,USE2_AVOID,WORRY_HEALTH_SYSTEM,USE2_AVOID,WORRY_HEALTH_SYSTEM,0.0347831789809294,0.0347831789809294,behavior,affect,non_focal,non_focal,0.0347831789809294,0.0362712827224641,0.0403384492886548,0.0,0.1308450907271788,0.667,1000.0,net_g05_w55_high__USE2_AVOID__WORRY_HEALTH_SYSTEM,net_g05_w55_high__USE2_AVOID,net_g05_w55_high__WORRY_HEALTH_SYSTEM
net_g05_w55_high__AFF_WORRY__USE2_HANDWASH20,net_g05_w55_high,ctx_w55_high,gamma_05,AFF_WORRY,USE2_HANDWASH20,AFF_WORRY,USE2_HANDWASH20,0.0316214187016324,0.0316214187016324,affect,behavior,non_focal,non_focal,0.0316214187016323,0.0291194205705411,0.0357661131696106,0.0,0.1186887772816991,0.586,1000.0,net_g05_w55_high__AFF_WORRY__USE2_HANDWASH20,net_g05_w55_high__AFF_WORRY,net_g05_w55_high__USE2_HANDWASH20
net_g05_w55_high__USE2_HANDWASH20__WORRY_HEALTH_SYSTEM,net_g05_w55_high,ctx_w55_high,gamma_05,USE2_HANDWASH20,WORRY_HEALTH_SYSTEM,USE2_HANDWASH20,WORRY_HEALTH_SYSTEM,0.0295123252644214,0.0295123252644214,behavior,affect,non_focal,non_focal,0.0295123252644214,0.0332943312686926,0.0414354194124636,0.0,0.1288818028164588,0.601,1000.0,net_g05_w55_high__USE2_HANDWASH20__WORRY_HEALTH_SYSTEM,net_g05_w55_high__USE2_HANDWASH20,net_g05_w55_high__WORRY_HEALTH_SYSTEM
net_g05_w55_high__USE2_SPACE150__WORRY_HEALTH_SYSTEM,net_g05_w55_high,ctx_w55_high,gamma_05,USE2_SPACE150,WORRY_HEALTH_SYSTEM,USE2_SPACE150,WORRY_HEALTH_SYSTEM,0.0246688000024659,0.0246688000024659,behavior,affect,non_focal,non_focal,0.0246688000024658,0.0355843620222574,0.0413022523352296,0.0,0.1324720601462024,0.626,1000.0,net_g05_w55_high__USE2_SPACE150__WORRY_HEALTH_SYSTEM,net_g05_w55_high__USE2_SPACE150,net_g05_w55_high__WORRY_HEALTH_SYSTEM
net_g05_w55_high__AFF_FEAR__USE2_MASK,net_g05_w55_high,ctx_w55_high,gamma_05,AFF_FEAR,USE2_MASK,AFF_FEAR,USE2_MASK,0.0190155425870327,0.0190155425870327,affect,behavior,non_focal,non_focal,0.0190155425870326,0.0302146919619867,0.0389064946590504,0.0,0.1295400258739842,0.523,1000.0,net_g05_w55_high__AFF_FEAR__USE2_MASK,net_g05_w55_high__AFF_FEAR,net_g05_w55_high__USE2_MASK
net_g05_w55_high__AFF_FEAR__USE2_HANDWASH20,net_g05_w55_high,ctx_w55_high,gamma_05,AFF_FEAR,USE2_HANDWASH20,AFF_FEAR,USE2_HANDWASH20,0.0126530355102393,0.0126530355102393,affect,behavior,non_focal,non_focal,0.0126530355102393,0.0201467520421575,0.0292168182336717,0.0,0.09447528805938,0.495,1000.0,net_g05_w55_high__AFF_FEAR__USE2_HANDWASH20,net_g05_w55_high__AFF_FEAR,net_g05_w55_high__USE2_HANDWASH20
net_g05_w55_low__AFF_FEAR__AFF_WORRY,net_g05_w55_low,ctx_w55_low,gamma_05,AFF_FEAR,AFF_WORRY,AFF_FEAR,AFF_WORRY,0.552748012727947,0.552748012727947,affect,affect,non_focal,non_focal,0.5527480127279474,0.548203066747293,0.0436928552270659,0.4635915574561103,0.6312730138907409,1.0,1000.0,net_g05_w55_low__AFF_FEAR__AFF_WORRY,net_g05_w55_low__AFF_FEAR,net_g05_w55_low__AFF_WORRY
net_g05_w55_low__USE2_MASK__USE2_SPACE150,net_g05_w55_low,ctx_w55_low,gamma_05,USE2_MASK,USE2_SPACE150,USE2_MASK,USE2_SPACE150,0.327032216961362,0.327032216961362,behavior,behavior,non_focal,non_focal,0.327032216961362,0.3238928544174935,0.0503709944473231,0.2239480574600827,0.4233346628342871,1.0,1000.0,net_g05_w55_low__USE2_MASK__USE2_SPACE150,net_g05_w55_low__USE2_MASK,net_g05_w55_low__USE2_SPACE150
net_g05_w55_low__USE2_AVOID__USE2_SPACE150,net_g05_w55_low,ctx_w55_low,gamma_05,USE2_AVOID,USE2_SPACE150,USE2_AVOID,USE2_SPACE150,0.277096243350879,0.277096243350879,behavior,behavior,non_focal,non_focal,0.277096243350879,0.2727475502705894,0.0493123672552977,0.1738250976472927,0.3666850425945424,1.0,1000.0,net_g05_w55_low__USE2_AVOID__USE2_SPACE150,net_g05_w55_low__USE2_AVOID,net_g05_w55_low__USE2_SPACE150
net_g05_w55_low__AFF_FEAR__SEVERITY,net_g05_w55_low,ctx_w55_low,gamma_05,AFF_FEAR,SEVERITY,AFF_FEAR,SEVERITY,0.267758140236528,0.267758140236528,affect,belief,non_focal,focal_belief,0.267758140236528,0.264378564105946,0.0508090336720221,0.1616285440357524,0.3644954552322113,1.0,1000.0,net_g05_w55_low__AFF_FEAR__SEVERITY,net_g05_w55_low__AFF_FEAR,net_g05_w55_low__SEVERITY
net_g05_w55_low__USE2_HANDWASH20__USE2_SPACE150,net_g05_w55_low,ctx_w55_low,gamma_05,USE2_HANDWASH20,USE2_SPACE150,USE2_HANDWASH20,USE2_SPACE150,0.230419916269903,0.230419916269903,behavior,behavior,non_focal,non_focal,0.230419916269903,0.2294452005884363,0.0545075681968826,0.1229116979886174,0.3354015735040455,1.0,1000.0,net_g05_w55_low__USE2_HANDWASH20__USE2_SPACE150,net_g05_w55_low__USE2_HANDWASH20,net_g05_w55_low__USE2_SPACE150
net_g05_w55_low__SEVERITY__WORRY_HEALTH_SYSTEM,net_g05_w55_low,ctx_w55_low,gamma_05,SEVERITY,WORRY_HEALTH_SYSTEM,SEVERITY,WORRY_HEALTH_SYSTEM,0.186739468978733,0.186739468978733,belief,affect,focal_belief,non_focal,0.1867394689787333,0.1774991519703076,0.0525086459611668,0.0750740219956938,0.2783941274926159,0.999,1000.0,net_g05_w55_low__SEVERITY__WORRY_HEALTH_SYSTEM,net_g05_w55_low__SEVERITY,net_g05_w55_low__WORRY_HEALTH_SYSTEM
net_g05_w55_low__USE2_AVOID__USE2_MASK,net_g05_w55_low,ctx_w55_low,gamma_05,USE2_AVOID,USE2_MASK,USE2_AVOID,USE2_MASK,0.158321021438952,0.158321021438952,behavior,behavior,non_focal,non_focal,0.158321021438952,0.1546460962447327,0.0421158393133418,0.0733179474688115,0.2374289072076225,1.0,1000.0,net_g05_w55_low__USE2_AVOID__USE2_MASK,net_g05_w55_low__USE2_AVOID,net_g05_w55_low__USE2_MASK
net_g05_w55_low__USE2_HANDWASH20__USE2_MASK,net_g05_w55_low,ctx_w55_low,gamma_05,USE2_HANDWASH20,USE2_MASK,USE2_HANDWASH20,USE2_MASK,0.147115905845485,0.147115905845485,behavior,behavior,non_focal,non_focal,0.147115905845485,0.1478412260667637,0.0508962121850255,0.0487648108880593,0.2394260497961685,0.997,1000.0,net_g05_w55_low__USE2_HANDWASH20__USE2_MASK,net_g05_w55_low__USE2_HANDWASH20,net_g05_w55_low__USE2_MASK
net_g05_w55_low__USE2_HANDWASH20__WORRY_HEALTH_SYSTEM,net_g05_w55_low,ctx_w55_low,gamma_05,USE2_HANDWASH20,WORRY_HEALTH_SYSTEM,USE2_HANDWASH20,WORRY_HEALTH_SYSTEM,0.142127997118949,0.142127997118949,behavior,affect,non_focal,non_focal,0.1421279971189489,0.1408490460491007,0.0441153541217967,0.0527565982156139,0.2226903256706538,0.998,1000.0,net_g05_w55_low__USE2_HANDWASH20__WORRY_HEALTH_SYSTEM,net_g05_w55_low__USE2_HANDWASH20,net_g05_w55_low__WORRY_HEALTH_SYSTEM
net_g05_w55_low__USE2_MASK__WORRY_HEALTH_SYSTEM,net_g05_w55_low,ctx_w55_low,gamma_05,USE2_MASK,WORRY_HEALTH_SYSTEM,USE2_MASK,WORRY_HEALTH_SYSTEM,0.138703681778115,0.138703681778115,behavior,affect,non_focal,non_focal,0.1387036817781154,0.1292001344234071,0.0464944700206214,0.0433032664441815,0.2227315763634419,0.999,1000.0,net_g05_w55_low__USE2_MASK__WORRY_HEALTH_SYSTEM,net_g05_w55_low__USE2_MASK,net_g05_w55_low__WORRY_HEALTH_SYSTEM
net_g05_w55_low__USE2_AVOID__USE2_HANDWASH20,net_g05_w55_low,ctx_w55_low,gamma_05,USE2_AVOID,USE2_HANDWASH20,USE2_AVOID,USE2_HANDWASH20,0.121938536268603,0.121938536268603,behavior,behavior,non_focal,non_focal,0.1219385362686032,0.1229553302407107,0.0439286616071279,0.0374776552913044,0.2056877207352902,0.997,1000.0,net_g05_w55_low__USE2_AVOID__USE2_HANDWASH20,net_g05_w55_low__USE2_AVOID,net_g05_w55_low__USE2_HANDWASH20
net_g05_w55_low__AFF_WORRY__WORRY_HEALTH_SYSTEM,net_g05_w55_low,ctx_w55_low,gamma_05,AFF_WORRY,WORRY_HEALTH_SYSTEM,AFF_WORRY,WORRY_HEALTH_SYSTEM,0.111052337322037,0.111052337322037,affect,affect,non_focal,non_focal,0.1110523373220375,0.1050543876143805,0.0535251092154189,0.0,0.2130294056720399,0.974,1000.0,net_g05_w55_low__AFF_WORRY__WORRY_HEALTH_SYSTEM,net_g05_w55_low__AFF_WORRY,net_g05_w55_low__WORRY_HEALTH_SYSTEM
net_g05_w55_low__AFF_FEAR__USE2_AVOID,net_g05_w55_low,ctx_w55_low,gamma_05,AFF_FEAR,USE2_AVOID,AFF_FEAR,USE2_AVOID,0.10736777239394,0.10736777239394,affect,behavior,non_focal,non_focal,0.1073677723939404,0.105784908178024,0.0480485729121171,0.0134452759717374,0.2010638144082882,0.991,1000.0,net_g05_w55_low__AFF_FEAR__USE2_AVOID,net_g05_w55_low__AFF_FEAR,net_g05_w55_low__USE2_AVOID
net_g05_w55_low__AFF_FEAR__WORRY_HEALTH_SYSTEM,net_g05_w55_low,ctx_w55_low,gamma_05,AFF_FEAR,WORRY_HEALTH_SYSTEM,AFF_FEAR,WORRY_HEALTH_SYSTEM,0.0958657154296311,0.0958657154296311,affect,affect,non_focal,non_focal,0.095865715429631,0.1040291933493733,0.048751658639964,0.0133841705234474,0.2004498030827633,0.986,1000.0,net_g05_w55_low__AFF_FEAR__WORRY_HEALTH_SYSTEM,net_g05_w55_low__AFF_FEAR,net_g05_w55_low__WORRY_HEALTH_SYSTEM
net_g05_w55_low__AFF_WORRY__SEVERITY,net_g05_w55_low,ctx_w55_low,gamma_05,AFF_WORRY,SEVERITY,AFF_WORRY,SEVERITY,0.0823438191047631,0.0823438191047631,affect,belief,non_focal,focal_belief,0.0823438191047631,0.0825345599050736,0.0567506961339774,0.0,0.2012810029009173,0.893,1000.0,net_g05_w55_low__AFF_WORRY__SEVERITY,net_g05_w55_low__AFF_WORRY,net_g05_w55_low__SEVERITY
net_g05_w55_low__AFF_WORRY__USE2_SPACE150,net_g05_w55_low,ctx_w55_low,gamma_05,AFF_WORRY,USE2_SPACE150,AFF_WORRY,USE2_SPACE150,0.0705413622572092,0.0705413622572092,affect,behavior,non_focal,non_focal,0.0705413622572091,0.0623990392518624,0.0372052485326534,0.0,0.1395770563511614,0.935,1000.0,net_g05_w55_low__AFF_WORRY__USE2_SPACE150,net_g05_w55_low__AFF_WORRY,net_g05_w55_low__USE2_SPACE150
net_g05_w55_low__AFF_WORRY__USE2_AVOID,net_g05_w55_low,ctx_w55_low,gamma_05,AFF_WORRY,USE2_AVOID,AFF_WORRY,USE2_AVOID,0.0624861121290443,0.0624861121290443,affect,behavior,non_focal,non_focal,0.0624861121290443,0.0610898238193975,0.0439385683438349,0.0,0.1487146012349761,0.865,1000.0,net_g05_w55_low__AFF_WORRY__USE2_AVOID,net_g05_w55_low__AFF_WORRY,net_g05_w55_low__USE2_AVOID
net_g05_w55_low__USE2_AVOID__WORRY_HEALTH_SYSTEM,net_g05_w55_low,ctx_w55_low,gamma_05,USE2_AVOID,WORRY_HEALTH_SYSTEM,USE2_AVOID,WORRY_HEALTH_SYSTEM,0.031643810010475,0.031643810010475,behavior,affect,non_focal,non_focal,0.0316438100104749,0.0362252108057077,0.0388436269602755,0.0,0.1239944066592914,0.678,1000.0,net_g05_w55_low__USE2_AVOID__WORRY_HEALTH_SYSTEM,net_g05_w55_low__USE2_AVOID,net_g05_w55_low__WORRY_HEALTH_SYSTEM
net_g05_w55_low__SEVERITY__USE2_MASK,net_g05_w55_low,ctx_w55_low,gamma_05,SEVERITY,USE2_MASK,SEVERITY,USE2_MASK,0.0173270098917509,0.0173270098917509,belief,behavior,focal_belief,non_focal,0.0173270098917508,0.0197409270065476,0.0306351355401387,0.0,0.0963030230824838,0.519,1000.0,net_g05_w55_low__SEVERITY__USE2_MASK,net_g05_w55_low__SEVERITY,net_g05_w55_low__USE2_MASK
net_g05_w55_low__AFF_WORRY__USE2_MASK,net_g05_w55_low,ctx_w55_low,gamma_05,AFF_WORRY,USE2_MASK,AFF_WORRY,USE2_MASK,0.0155628239941265,0.0155628239941265,affect,behavior,non_focal,non_focal,0.0155628239941265,0.0227561209482099,0.0278146438541074,0.0,0.0910241637263111,0.608,1000.0,net_g05_w55_low__AFF_WORRY__USE2_MASK,net_g05_w55_low__AFF_WORRY,net_g05_w55_low__USE2_MASK
net_g05_w55_low__SEVERITY__USE2_AVOID,net_g05_w55_low,ctx_w55_low,gamma_05,SEVERITY,USE2_AVOID,SEVERITY,USE2_AVOID,0.0149954739223753,0.0149954739223753,belief,behavior,focal_belief,non_focal,0.0149954739223752,0.0198098300881871,0.0310339335851787,0.0,0.1017137583224264,0.503,1000.0,net_g05_w55_low__SEVERITY__USE2_AVOID,net_g05_w55_low__SEVERITY,net_g05_w55_low__USE2_AVOID
net_g05_w55_low__SEVERITY__USE2_SPACE150,net_g05_w55_low,ctx_w55_low,gamma_05,SEVERITY,USE2_SPACE150,SEVERITY,USE2_SPACE150,0.0136813275947072,0.0136813275947072,belief,behavior,focal_belief,non_focal,0.0136813275947072,0.0167128313297906,0.0264317674897914,0.0,0.0858897591601186,0.473,1000.0,net_g05_w55_low__SEVERITY__USE2_SPACE150,net_g05_w55_low__SEVERITY,net_g05_w55_low__USE2_SPACE150
net_g05_w55_low__SEVERITY__USE2_HANDWASH20,net_g05_w55_low,ctx_w55_low,gamma_05,SEVERITY,USE2_HANDWASH20,SEVERITY,USE2_HANDWASH20,0.0046308706800259,0.0046308706800259,belief,behavior,focal_belief,non_focal,0.0046308706800259,0.0204230154136405,0.0311761933810225,0.0,0.1012050693349709,0.487,1000.0,net_g05_w55_low__SEVERITY__USE2_HANDWASH20,net_g05_w55_low__SEVERITY,net_g05_w55_low__USE2_HANDWASH20
net_g05_w56_high__AFF_FEAR__AFF_WORRY,net_g05_w56_high,ctx_w56_high,gamma_05,AFF_FEAR,AFF_WORRY,AFF_FEAR,AFF_WORRY,0.531144423692983,0.531144423692983,affect,affect,non_focal,non_focal,0.5311444236929834,0.5273308528113584,0.0461992337185382,0.4364732703253379,0.6201798938042724,1.0,1000.0,net_g05_w56_high__AFF_FEAR__AFF_WORRY,net_g05_w56_high__AFF_FEAR,net_g05_w56_high__AFF_WORRY
net_g05_w56_high__USE2_AVOID__USE2_SPACE150,net_g05_w56_high,ctx_w56_high,gamma_05,USE2_AVOID,USE2_SPACE150,USE2_AVOID,USE2_SPACE150,0.261466332588217,0.261466332588217,behavior,behavior,non_focal,non_focal,0.261466332588217,0.2536795066979873,0.0497059228400478,0.1561364053628834,0.3447658518017628,1.0,1000.0,net_g05_w56_high__USE2_AVOID__USE2_SPACE150,net_g05_w56_high__USE2_AVOID,net_g05_w56_high__USE2_SPACE150
net_g05_w56_high__USE2_MASK__USE2_SPACE150,net_g05_w56_high,ctx_w56_high,gamma_05,USE2_MASK,USE2_SPACE150,USE2_MASK,USE2_SPACE150,0.253373428608667,0.253373428608667,behavior,behavior,non_focal,non_focal,0.2533734286086674,0.2522118339604164,0.0648036131011607,0.1243511070929643,0.3751421128826012,1.0,1000.0,net_g05_w56_high__USE2_MASK__USE2_SPACE150,net_g05_w56_high__USE2_MASK,net_g05_w56_high__USE2_SPACE150
net_g05_w56_high__AFF_FEAR__SEVERITY,net_g05_w56_high,ctx_w56_high,gamma_05,AFF_FEAR,SEVERITY,AFF_FEAR,SEVERITY,0.184472929324428,0.184472929324428,affect,belief,non_focal,focal_belief,0.1844729293244275,0.1758740332838173,0.0494335041364098,0.0839269249429464,0.2702721372140753,0.999,1000.0,net_g05_w56_high__AFF_FEAR__SEVERITY,net_g05_w56_high__AFF_FEAR,net_g05_w56_high__SEVERITY
net_g05_w56_high__USE2_HANDWASH20__USE2_MASK,net_g05_w56_high,ctx_w56_high,gamma_05,USE2_HANDWASH20,USE2_MASK,USE2_HANDWASH20,USE2_MASK,0.179544945105495,0.179544945105495,behavior,behavior,non_focal,non_focal,0.1795449451054945,0.1793909915776542,0.0487101221566676,0.0819205524994243,0.273236366854263,0.999,1000.0,net_g05_w56_high__USE2_HANDWASH20__USE2_MASK,net_g05_w56_high__USE2_HANDWASH20,net_g05_w56_high__USE2_MASK
net_g05_w56_high__USE2_HANDWASH20__USE2_SPACE150,net_g05_w56_high,ctx_w56_high,gamma_05,USE2_HANDWASH20,USE2_SPACE150,USE2_HANDWASH20,USE2_SPACE150,0.167464336600436,0.167464336600436,behavior,behavior,non_focal,non_focal,0.1674643366004363,0.1639103886482374,0.0487369601097001,0.0724097269138087,0.25672810202679,1.0,1000.0,net_g05_w56_high__USE2_HANDWASH20__USE2_SPACE150,net_g05_w56_high__USE2_HANDWASH20,net_g05_w56_high__USE2_SPACE150
net_g05_w56_high__USE2_AVOID__USE2_HANDWASH20,net_g05_w56_high,ctx_w56_high,gamma_05,USE2_AVOID,USE2_HANDWASH20,USE2_AVOID,USE2_HANDWASH20,0.161416094106531,0.161416094106531,behavior,behavior,non_focal,non_focal,0.1614160941065311,0.1572400766180172,0.0442649218582542,0.0726162286447769,0.2455579033129627,0.999,1000.0,net_g05_w56_high__USE2_AVOID__USE2_HANDWASH20,net_g05_w56_high__USE2_AVOID,net_g05_w56_high__USE2_HANDWASH20
net_g05_w56_high__AFF_FEAR__WORRY_HEALTH_SYSTEM,net_g05_w56_high,ctx_w56_high,gamma_05,AFF_FEAR,WORRY_HEALTH_SYSTEM,AFF_FEAR,WORRY_HEALTH_SYSTEM,0.129215113141818,0.129215113141818,affect,affect,non_focal,non_focal,0.1292151131418177,0.1219045876446805,0.0506530282072209,0.0216369577732108,0.2214369700195006,0.99,1000.0,net_g05_w56_high__AFF_FEAR__WORRY_HEALTH_SYSTEM,net_g05_w56_high__AFF_FEAR,net_g05_w56_high__WORRY_HEALTH_SYSTEM
net_g05_w56_high__SEVERITY__USE2_AVOID,net_g05_w56_high,ctx_w56_high,gamma_05,SEVERITY,USE2_AVOID,SEVERITY,USE2_AVOID,0.127075033951044,0.127075033951044,belief,behavior,focal_belief,non_focal,0.1270750339510436,0.1266853337925554,0.0463782431141875,0.0306289433680083,0.2158325644726007,0.994,1000.0,net_g05_w56_high__SEVERITY__USE2_AVOID,net_g05_w56_high__SEVERITY,net_g05_w56_high__USE2_AVOID
net_g05_w56_high__SEVERITY__USE2_HANDWASH20,net_g05_w56_high,ctx_w56_high,gamma_05,SEVERITY,USE2_HANDWASH20,SEVERITY,USE2_HANDWASH20,0.10326597434691,0.10326597434691,belief,behavior,focal_belief,non_focal,0.1032659743469103,0.1088594053839188,0.0495474385706516,0.006000594686543,0.205527258223507,0.976,1000.0,net_g05_w56_high__SEVERITY__USE2_HANDWASH20,net_g05_w56_high__SEVERITY,net_g05_w56_high__USE2_HANDWASH20
net_g05_w56_high__USE2_AVOID__WORRY_HEALTH_SYSTEM,net_g05_w56_high,ctx_w56_high,gamma_05,USE2_AVOID,WORRY_HEALTH_SYSTEM,USE2_AVOID,WORRY_HEALTH_SYSTEM,0.0938326692675476,0.0938326692675476,behavior,affect,non_focal,non_focal,0.0938326692675475,0.0889941818212628,0.046544221522508,0.0,0.1849711092594411,0.96,1000.0,net_g05_w56_high__USE2_AVOID__WORRY_HEALTH_SYSTEM,net_g05_w56_high__USE2_AVOID,net_g05_w56_high__WORRY_HEALTH_SYSTEM
net_g05_w56_high__USE2_HANDWASH20__WORRY_HEALTH_SYSTEM,net_g05_w56_high,ctx_w56_high,gamma_05,USE2_HANDWASH20,WORRY_HEALTH_SYSTEM,USE2_HANDWASH20,WORRY_HEALTH_SYSTEM,0.0766582332275105,0.0766582332275105,behavior,affect,non_focal,non_focal,0.0766582332275105,0.0743575526939092,0.0498574259851578,0.0,0.1720557456463489,0.884,1000.0,net_g05_w56_high__USE2_HANDWASH20__WORRY_HEALTH_SYSTEM,net_g05_w56_high__USE2_HANDWASH20,net_g05_w56_high__WORRY_HEALTH_SYSTEM
net_g05_w56_high__USE2_MASK__WORRY_HEALTH_SYSTEM,net_g05_w56_high,ctx_w56_high,gamma_05,USE2_MASK,WORRY_HEALTH_SYSTEM,USE2_MASK,WORRY_HEALTH_SYSTEM,0.0741027436432377,0.0741027436432377,behavior,affect,non_focal,non_focal,0.0741027436432376,0.0750372784776069,0.0520795246481764,0.0,0.1860876349198661,0.865,1000.0,net_g05_w56_high__USE2_MASK__WORRY_HEALTH_SYSTEM,net_g05_w56_high__USE2_MASK,net_g05_w56_high__WORRY_HEALTH_SYSTEM
net_g05_w56_high__AFF_WORRY__USE2_AVOID,net_g05_w56_high,ctx_w56_high,gamma_05,AFF_WORRY,USE2_AVOID,AFF_WORRY,USE2_AVOID,0.0685615943391421,0.0685615943391421,affect,behavior,non_focal,non_focal,0.0685615943391421,0.0599473970039444,0.0395478883100877,0.0,0.1418506482838729,0.893,1000.0,net_g05_w56_high__AFF_WORRY__USE2_AVOID,net_g05_w56_high__AFF_WORRY,net_g05_w56_high__USE2_AVOID
net_g05_w56_high__SEVERITY__USE2_SPACE150,net_g05_w56_high,ctx_w56_high,gamma_05,SEVERITY,USE2_SPACE150,SEVERITY,USE2_SPACE150,0.0654778352644396,0.0654778352644396,belief,behavior,focal_belief,non_focal,0.0654778352644395,0.0708164675983174,0.0475109972315333,0.0,0.1672997482957783,0.887,1000.0,net_g05_w56_high__SEVERITY__USE2_SPACE150,net_g05_w56_high__SEVERITY,net_g05_w56_high__USE2_SPACE150
net_g05_w56_high__AFF_WORRY__WORRY_HEALTH_SYSTEM,net_g05_w56_high,ctx_w56_high,gamma_05,AFF_WORRY,WORRY_HEALTH_SYSTEM,AFF_WORRY,WORRY_HEALTH_SYSTEM,0.0533989373204396,0.0533989373204396,affect,affect,non_focal,non_focal,0.0533989373204395,0.0561284997002487,0.0478253091209894,0.0,0.1582488117644615,0.797,1000.0,net_g05_w56_high__AFF_WORRY__WORRY_HEALTH_SYSTEM,net_g05_w56_high__AFF_WORRY,net_g05_w56_high__WORRY_HEALTH_SYSTEM
net_g05_w56_high__AFF_FEAR__USE2_AVOID,net_g05_w56_high,ctx_w56_high,gamma_05,AFF_FEAR,USE2_AVOID,AFF_FEAR,USE2_AVOID,0.0470292017152531,0.0470292017152531,affect,behavior,non_focal,non_focal,0.0470292017152531,0.0502484169615585,0.0418890778765393,0.0,0.1431837245847228,0.817,1000.0,net_g05_w56_high__AFF_FEAR__USE2_AVOID,net_g05_w56_high__AFF_FEAR,net_g05_w56_high__USE2_AVOID
net_g05_w56_high__USE2_SPACE150__WORRY_HEALTH_SYSTEM,net_g05_w56_high,ctx_w56_high,gamma_05,USE2_SPACE150,WORRY_HEALTH_SYSTEM,USE2_SPACE150,WORRY_HEALTH_SYSTEM,0.0367245428871753,0.0367245428871753,behavior,affect,non_focal,non_focal,0.0367245428871752,0.0421675842685437,0.045807272050985,0.0,0.1562891445582131,0.681,1000.0,net_g05_w56_high__USE2_SPACE150__WORRY_HEALTH_SYSTEM,net_g05_w56_high__USE2_SPACE150,net_g05_w56_high__WORRY_HEALTH_SYSTEM
net_g05_w56_high__AFF_WORRY__SEVERITY,net_g05_w56_high,ctx_w56_high,gamma_05,AFF_WORRY,SEVERITY,AFF_WORRY,SEVERITY,0.0223205463735707,0.0223205463735707,affect,belief,non_focal,focal_belief,0.0223205463735707,0.0329228276416907,0.0398003234725991,0.0,0.1285810008472384,0.597,1000.0,net_g05_w56_high__AFF_WORRY__SEVERITY,net_g05_w56_high__AFF_WORRY,net_g05_w56_high__SEVERITY
net_g05_w56_high__AFF_FEAR__USE2_SPACE150,net_g05_w56_high,ctx_w56_high,gamma_05,AFF_FEAR,USE2_SPACE150,AFF_FEAR,USE2_SPACE150,0.0112771293148659,0.0112771293148659,affect,behavior,non_focal,non_focal,0.0112771293148658,0.016277432883503,0.0253887172341107,0.0,0.0839039011654756,0.46,1000.0,net_g05_w56_high__AFF_FEAR__USE2_SPACE150,net_g05_w56_high__AFF_FEAR,net_g05_w56_high__USE2_SPACE150
net_g05_w56_high__USE2_AVOID__USE2_MASK,net_g05_w56_high,ctx_w56_high,gamma_05,USE2_AVOID,USE2_MASK,USE2_AVOID,USE2_MASK,0.0080194552336053,0.0080194552336053,behavior,behavior,non_focal,non_focal,0.0080194552336053,0.0232305827524803,0.0317703992363744,0.0,0.1033331100980093,0.525,1000.0,net_g05_w56_high__USE2_AVOID__USE2_MASK,net_g05_w56_high__USE2_AVOID,net_g05_w56_high__USE2_MASK
net_g05_w56_low__AFF_FEAR__AFF_WORRY,net_g05_w56_low,ctx_w56_low,gamma_05,AFF_FEAR,AFF_WORRY,AFF_FEAR,AFF_WORRY,0.522142337680245,0.522142337680245,affect,affect,non_focal,non_focal,0.5221423376802454,0.5163009391304512,0.0404876924085753,0.4365253522417518,0.5951509081569961,1.0,1000.0,net_g05_w56_low__AFF_FEAR__AFF_WORRY,net_g05_w56_low__AFF_FEAR,net_g05_w56_low__AFF_WORRY
net_g05_w56_low__USE2_MASK__USE2_SPACE150,net_g05_w56_low,ctx_w56_low,gamma_05,USE2_MASK,USE2_SPACE150,USE2_MASK,USE2_SPACE150,0.350027751562316,0.350027751562316,behavior,behavior,non_focal,non_focal,0.3500277515623163,0.3439358795066762,0.0473333644354835,0.2472621408961931,0.4393071262100486,1.0,1000.0,net_g05_w56_low__USE2_MASK__USE2_SPACE150,net_g05_w56_low__USE2_MASK,net_g05_w56_low__USE2_SPACE150
net_g05_w56_low__USE2_AVOID__USE2_SPACE150,net_g05_w56_low,ctx_w56_low,gamma_05,USE2_AVOID,USE2_SPACE150,USE2_AVOID,USE2_SPACE150,0.267477724213927,0.267477724213927,behavior,behavior,non_focal,non_focal,0.2674777242139272,0.2629477186409978,0.0505601534836809,0.1642834158954898,0.3612077785741135,1.0,1000.0,net_g05_w56_low__USE2_AVOID__USE2_SPACE150,net_g05_w56_low__USE2_AVOID,net_g05_w56_low__USE2_SPACE150
net_g05_w56_low__AFF_WORRY__SEVERITY,net_g05_w56_low,ctx_w56_low,gamma_05,AFF_WORRY,SEVERITY,AFF_WORRY,SEVERITY,0.25053034016802,0.25053034016802,affect,belief,non_focal,focal_belief,0.2505303401680201,0.2455737554602902,0.0507038321401191,0.1447333825064811,0.3434123781680846,1.0,1000.0,net_g05_w56_low__AFF_WORRY__SEVERITY,net_g05_w56_low__AFF_WORRY,net_g05_w56_low__SEVERITY
net_g05_w56_low__USE2_HANDWASH20__USE2_SPACE150,net_g05_w56_low,ctx_w56_low,gamma_05,USE2_HANDWASH20,USE2_SPACE150,USE2_HANDWASH20,USE2_SPACE150,0.240246805655903,0.240246805655903,behavior,behavior,non_focal,non_focal,0.2402468056559029,0.2369135864722571,0.053355858834453,0.1334278303713635,0.3431749429785618,1.0,1000.0,net_g05_w56_low__USE2_HANDWASH20__USE2_SPACE150,net_g05_w56_low__USE2_HANDWASH20,net_g05_w56_low__USE2_SPACE150
net_g05_w56_low__AFF_FEAR__SEVERITY,net_g05_w56_low,ctx_w56_low,gamma_05,AFF_FEAR,SEVERITY,AFF_FEAR,SEVERITY,0.222716478047016,0.222716478047016,affect,belief,non_focal,focal_belief,0.2227164780470164,0.2218239237432891,0.0527698522980471,0.117859790891727,0.3208799298163312,1.0,1000.0,net_g05_w56_low__AFF_FEAR__SEVERITY,net_g05_w56_low__AFF_FEAR,net_g05_w56_low__SEVERITY
net_g05_w56_low__USE2_AVOID__USE2_HANDWASH20,net_g05_w56_low,ctx_w56_low,gamma_05,USE2_AVOID,USE2_HANDWASH20,USE2_AVOID,USE2_HANDWASH20,0.193270876135318,0.193270876135318,behavior,behavior,non_focal,non_focal,0.1932708761353184,0.1902855127970762,0.0533157360830716,0.0832617833105917,0.2904234032141717,1.0,1000.0,net_g05_w56_low__USE2_AVOID__USE2_HANDWASH20,net_g05_w56_low__USE2_AVOID,net_g05_w56_low__USE2_HANDWASH20
net_g05_w56_low__AFF_WORRY__WORRY_HEALTH_SYSTEM,net_g05_w56_low,ctx_w56_low,gamma_05,AFF_WORRY,WORRY_HEALTH_SYSTEM,AFF_WORRY,WORRY_HEALTH_SYSTEM,0.166529824308818,0.166529824308818,affect,affect,non_focal,non_focal,0.1665298243088177,0.1610556864663957,0.0512882490798254,0.0573219772123102,0.2595386730163667,0.999,1000.0,net_g05_w56_low__AFF_WORRY__WORRY_HEALTH_SYSTEM,net_g05_w56_low__AFF_WORRY,net_g05_w56_low__WORRY_HEALTH_SYSTEM
net_g05_w56_low__SEVERITY__USE2_AVOID,net_g05_w56_low,ctx_w56_low,gamma_05,SEVERITY,USE2_AVOID,SEVERITY,USE2_AVOID,0.14666766730118,0.14666766730118,belief,behavior,focal_belief,non_focal,0.14666766730118,0.1315832050737658,0.0434489106475191,0.0436960311270482,0.2209651704000136,0.998,1000.0,net_g05_w56_low__SEVERITY__USE2_AVOID,net_g05_w56_low__SEVERITY,net_g05_w56_low__USE2_AVOID
net_g05_w56_low__USE2_HANDWASH20__USE2_MASK,net_g05_w56_low,ctx_w56_low,gamma_05,USE2_HANDWASH20,USE2_MASK,USE2_HANDWASH20,USE2_MASK,0.140327090154336,0.140327090154336,behavior,behavior,non_focal,non_focal,0.1403270901543363,0.1407662727627933,0.0536666475195012,0.0383828202359331,0.2496545391050165,0.997,1000.0,net_g05_w56_low__USE2_HANDWASH20__USE2_MASK,net_g05_w56_low__USE2_HANDWASH20,net_g05_w56_low__USE2_MASK
net_g05_w56_low__AFF_WORRY__USE2_MASK,net_g05_w56_low,ctx_w56_low,gamma_05,AFF_WORRY,USE2_MASK,AFF_WORRY,USE2_MASK,0.122296617057614,0.122296617057614,affect,behavior,non_focal,non_focal,0.122296617057614,0.1102772209976292,0.0359499723536585,0.0331191889343989,0.1798509462233064,0.997,1000.0,net_g05_w56_low__AFF_WORRY__USE2_MASK,net_g05_w56_low__AFF_WORRY,net_g05_w56_low__USE2_MASK
net_g05_w56_low__AFF_FEAR__WORRY_HEALTH_SYSTEM,net_g05_w56_low,ctx_w56_low,gamma_05,AFF_FEAR,WORRY_HEALTH_SYSTEM,AFF_FEAR,WORRY_HEALTH_SYSTEM,0.107834671759965,0.107834671759965,affect,affect,non_focal,non_focal,0.1078346717599648,0.1068763782314495,0.0476575531782619,0.0128292438684183,0.1989978217269443,0.986,1000.0,net_g05_w56_low__AFF_FEAR__WORRY_HEALTH_SYSTEM,net_g05_w56_low__AFF_FEAR,net_g05_w56_low__WORRY_HEALTH_SYSTEM
net_g05_w56_low__USE2_AVOID__USE2_MASK,net_g05_w56_low,ctx_w56_low,gamma_05,USE2_AVOID,USE2_MASK,USE2_AVOID,USE2_MASK,0.0921444858064795,0.0921444858064795,behavior,behavior,non_focal,non_focal,0.0921444858064794,0.0885637748627857,0.0447583591561256,0.0,0.1758776413103759,0.97,1000.0,net_g05_w56_low__USE2_AVOID__USE2_MASK,net_g05_w56_low__USE2_AVOID,net_g05_w56_low__USE2_MASK
net_g05_w56_low__SEVERITY__WORRY_HEALTH_SYSTEM,net_g05_w56_low,ctx_w56_low,gamma_05,SEVERITY,WORRY_HEALTH_SYSTEM,SEVERITY,WORRY_HEALTH_SYSTEM,0.0695622643782032,0.0695622643782032,belief,affect,focal_belief,non_focal,0.0695622643782032,0.0653771388947839,0.0456066711422833,0.0,0.1626183589799563,0.897,1000.0,net_g05_w56_low__SEVERITY__WORRY_HEALTH_SYSTEM,net_g05_w56_low__SEVERITY,net_g05_w56_low__WORRY_HEALTH_SYSTEM
net_g05_w56_low__AFF_WORRY__USE2_SPACE150,net_g05_w56_low,ctx_w56_low,gamma_05,AFF_WORRY,USE2_SPACE150,AFF_WORRY,USE2_SPACE150,0.0422068154514394,0.0422068154514394,affect,behavior,non_focal,non_focal,0.0422068154514393,0.0338641281246565,0.0318104288511848,0.0,0.1056221963007067,0.754,1000.0,net_g05_w56_low__AFF_WORRY__USE2_SPACE150,net_g05_w56_low__AFF_WORRY,net_g05_w56_low__USE2_SPACE150
net_g05_w56_low__USE2_SPACE150__WORRY_HEALTH_SYSTEM,net_g05_w56_low,ctx_w56_low,gamma_05,USE2_SPACE150,WORRY_HEALTH_SYSTEM,USE2_SPACE150,WORRY_HEALTH_SYSTEM,0.0279237841159607,0.0279237841159607,behavior,affect,non_focal,non_focal,0.0279237841159607,0.0258544731647688,0.0315121464493198,0.0,0.0981594958028646,0.587,1000.0,net_g05_w56_low__USE2_SPACE150__WORRY_HEALTH_SYSTEM,net_g05_w56_low__USE2_SPACE150,net_g05_w56_low__WORRY_HEALTH_SYSTEM
net_g05_w56_low__SEVERITY__USE2_SPACE150,net_g05_w56_low,ctx_w56_low,gamma_05,SEVERITY,USE2_SPACE150,SEVERITY,USE2_SPACE150,0.0274840359837989,0.0274840359837989,belief,behavior,focal_belief,non_focal,0.0274840359837989,0.0299713770844729,0.0306279196049068,0.0,0.1005576654583103,0.701,1000.0,net_g05_w56_low__SEVERITY__USE2_SPACE150,net_g05_w56_low__SEVERITY,net_g05_w56_low__USE2_SPACE150
net_g05_w56_low__AFF_FEAR__USE2_AVOID,net_g05_w56_low,ctx_w56_low,gamma_05,AFF_FEAR,USE2_AVOID,AFF_FEAR,USE2_AVOID,0.0264913354127847,0.0264913354127847,affect,behavior,non_focal,non_focal,0.0264913354127847,0.0257952829973673,0.0298629565902623,0.0,0.0962005051034758,0.616,1000.0,net_g05_w56_low__AFF_FEAR__USE2_AVOID,net_g05_w56_low__AFF_FEAR,net_g05_w56_low__USE2_AVOID
net_g05_w56_low__USE2_MASK__WORRY_HEALTH_SYSTEM,net_g05_w56_low,ctx_w56_low,gamma_05,USE2_MASK,WORRY_HEALTH_SYSTEM,USE2_MASK,WORRY_HEALTH_SYSTEM,0.0224520941179743,0.0224520941179743,behavior,affect,non_focal,non_focal,0.0224520941179742,0.0297708733421401,0.0381004605189604,0.0,0.1223010962817593,0.602,1000.0,net_g05_w56_low__USE2_MASK__WORRY_HEALTH_SYSTEM,net_g05_w56_low__USE2_MASK,net_g05_w56_low__WORRY_HEALTH_SYSTEM
net_g05_w56_low__USE2_AVOID__WORRY_HEALTH_SYSTEM,net_g05_w56_low,ctx_w56_low,gamma_05,USE2_AVOID,WORRY_HEALTH_SYSTEM,USE2_AVOID,WORRY_HEALTH_SYSTEM,0.0062428078171122,0.0062428078171122,behavior,affect,non_focal,non_focal,0.0062428078171122,0.0175261874528772,0.0290642737454488,0.0,0.0922123256551583,0.458,1000.0,net_g05_w56_low__USE2_AVOID__WORRY_HEALTH_SYSTEM,net_g05_w56_low__USE2_AVOID,net_g05_w56_low__WORRY_HEALTH_SYSTEM
net_g05_w56_low__AFF_FEAR__USE2_MASK,net_g05_w56_low,ctx_w56_low,gamma_05,AFF_FEAR,USE2_MASK,AFF_FEAR,USE2_MASK,0.0041853555621712,0.0041853555621712,affect,behavior,non_focal,non_focal,0.0041853555621712,0.0127001387583282,0.0190722523863462,0.0,0.0635565883062104,0.463,1000.0,net_g05_w56_low__AFF_FEAR__USE2_MASK,net_g05_w56_low__AFF_FEAR,net_g05_w56_low__USE2_MASK
net_g05_w57_high__AFF_FEAR__AFF_WORRY,net_g05_w57_high,ctx_w57_high,gamma_05,AFF_FEAR,AFF_WORRY,AFF_FEAR,AFF_WORRY,0.474336665165375,0.474336665165375,affect,affect,non_focal,non_focal,0.4743366651653746,0.4660461979957473,0.0514502033530647,0.3609649835379304,0.5603251746204366,1.0,1000.0,net_g05_w57_high__AFF_FEAR__AFF_WORRY,net_g05_w57_high__AFF_FEAR,net_g05_w57_high__AFF_WORRY
net_g05_w57_high__AFF_WORRY__WORRY_HEALTH_SYSTEM,net_g05_w57_high,ctx_w57_high,gamma_05,AFF_WORRY,WORRY_HEALTH_SYSTEM,AFF_WORRY,WORRY_HEALTH_SYSTEM,0.26013725281793,0.26013725281793,affect,affect,non_focal,non_focal,0.2601372528179301,0.2447655912119483,0.0613155786612739,0.1231925238516784,0.36289153809314,1.0,1000.0,net_g05_w57_high__AFF_WORRY__WORRY_HEALTH_SYSTEM,net_g05_w57_high__AFF_WORRY,net_g05_w57_high__WORRY_HEALTH_SYSTEM
net_g05_w57_high__USE2_AVOID__USE2_SPACE150,net_g05_w57_high,ctx_w57_high,gamma_05,USE2_AVOID,USE2_SPACE150,USE2_AVOID,USE2_SPACE150,0.259472346662032,0.259472346662032,behavior,behavior,non_focal,non_focal,0.2594723466620323,0.2459624021571743,0.0516199397068643,0.1410453305901917,0.344923919854409,1.0,1000.0,net_g05_w57_high__USE2_AVOID__USE2_SPACE150,net_g05_w57_high__USE2_AVOID,net_g05_w57_high__USE2_SPACE150
net_g05_w57_high__AFF_FEAR__SEVERITY,net_g05_w57_high,ctx_w57_high,gamma_05,AFF_FEAR,SEVERITY,AFF_FEAR,SEVERITY,0.228946825539151,0.228946825539151,affect,belief,non_focal,focal_belief,0.2289468255391511,0.2211015736730829,0.0477375834506268,0.1279065293612897,0.3185479938503678,1.0,1000.0,net_g05_w57_high__AFF_FEAR__SEVERITY,net_g05_w57_high__AFF_FEAR,net_g05_w57_high__SEVERITY
net_g05_w57_high__USE2_HANDWASH20__USE2_MASK,net_g05_w57_high,ctx_w57_high,gamma_05,USE2_HANDWASH20,USE2_MASK,USE2_HANDWASH20,USE2_MASK,0.196036924743611,0.196036924743611,behavior,behavior,non_focal,non_focal,0.1960369247436114,0.181203768487231,0.0663093758281402,0.049142777500472,0.309171956756055,0.995,1000.0,net_g05_w57_high__USE2_HANDWASH20__USE2_MASK,net_g05_w57_high__USE2_HANDWASH20,net_g05_w57_high__USE2_MASK
net_g05_w57_high__USE2_HANDWASH20__USE2_SPACE150,net_g05_w57_high,ctx_w57_high,gamma_05,USE2_HANDWASH20,USE2_SPACE150,USE2_HANDWASH20,USE2_SPACE150,0.117235349024939,0.117235349024939,behavior,behavior,non_focal,non_focal,0.1172353490249394,0.1102308236814485,0.0497379955502128,0.0,0.2119459728034407,0.97,1000.0,net_g05_w57_high__USE2_HANDWASH20__USE2_SPACE150,net_g05_w57_high__USE2_HANDWASH20,net_g05_w57_high__USE2_SPACE150
net_g05_w57_high__USE2_MASK__WORRY_HEALTH_SYSTEM,net_g05_w57_high,ctx_w57_high,gamma_05,USE2_MASK,WORRY_HEALTH_SYSTEM,USE2_MASK,WORRY_HEALTH_SYSTEM,0.113750868783799,0.113750868783799,behavior,affect,non_focal,non_focal,0.1137508687837993,0.1022133358111659,0.0509143017144744,0.0,0.206427794501924,0.959,1000.0,net_g05_w57_high__USE2_MASK__WORRY_HEALTH_SYSTEM,net_g05_w57_high__USE2_MASK,net_g05_w57_high__WORRY_HEALTH_SYSTEM
net_g05_w57_high__AFF_WORRY__SEVERITY,net_g05_w57_high,ctx_w57_high,gamma_05,AFF_WORRY,SEVERITY,AFF_WORRY,SEVERITY,0.0938656784582978,0.0938656784582978,affect,belief,non_focal,focal_belief,0.0938656784582977,0.0920768059725487,0.0480260074707813,0.0,0.1877858761275956,0.963,1000.0,net_g05_w57_high__AFF_WORRY__SEVERITY,net_g05_w57_high__AFF_WORRY,net_g05_w57_high__SEVERITY
net_g05_w57_high__USE2_HANDWASH20__WORRY_HEALTH_SYSTEM,net_g05_w57_high,ctx_w57_high,gamma_05,USE2_HANDWASH20,WORRY_HEALTH_SYSTEM,USE2_HANDWASH20,WORRY_HEALTH_SYSTEM,0.0822927967992277,0.0822927967992277,behavior,affect,non_focal,non_focal,0.0822927967992277,0.073429608426314,0.0472180183828026,0.0,0.1666006520784449,0.889,1000.0,net_g05_w57_high__USE2_HANDWASH20__WORRY_HEALTH_SYSTEM,net_g05_w57_high__USE2_HANDWASH20,net_g05_w57_high__WORRY_HEALTH_SYSTEM
net_g05_w57_high__AFF_FEAR__USE2_AVOID,net_g05_w57_high,ctx_w57_high,gamma_05,AFF_FEAR,USE2_AVOID,AFF_FEAR,USE2_AVOID,0.0797709435878751,0.0797709435878751,affect,behavior,non_focal,non_focal,0.0797709435878751,0.0680225935662822,0.0434718600873915,0.0,0.1596131164323222,0.896,1000.0,net_g05_w57_high__AFF_FEAR__USE2_AVOID,net_g05_w57_high__AFF_FEAR,net_g05_w57_high__USE2_AVOID
net_g05_w57_high__USE2_AVOID__WORRY_HEALTH_SYSTEM,net_g05_w57_high,ctx_w57_high,gamma_05,USE2_AVOID,WORRY_HEALTH_SYSTEM,USE2_AVOID,WORRY_HEALTH_SYSTEM,0.0776069830385028,0.0776069830385028,behavior,affect,non_focal,non_focal,0.0776069830385028,0.0726112394381024,0.0480565160052217,0.0,0.1732301926654616,0.884,1000.0,net_g05_w57_high__USE2_AVOID__WORRY_HEALTH_SYSTEM,net_g05_w57_high__USE2_AVOID,net_g05_w57_high__WORRY_HEALTH_SYSTEM
net_g05_w57_high__USE2_AVOID__USE2_HANDWASH20,net_g05_w57_high,ctx_w57_high,gamma_05,USE2_AVOID,USE2_HANDWASH20,USE2_AVOID,USE2_HANDWASH20,0.0760400848627696,0.0760400848627696,behavior,behavior,non_focal,non_focal,0.0760400848627696,0.0725294758863144,0.0509196666778077,0.0,0.1804306461715515,0.864,1000.0,net_g05_w57_high__USE2_AVOID__USE2_HANDWASH20,net_g05_w57_high__USE2_AVOID,net_g05_w57_high__USE2_HANDWASH20
net_g05_w57_high__USE2_MASK__USE2_SPACE150,net_g05_w57_high,ctx_w57_high,gamma_05,USE2_MASK,USE2_SPACE150,USE2_MASK,USE2_SPACE150,0.0645822088898716,0.0645822088898716,behavior,behavior,non_focal,non_focal,0.0645822088898716,0.0649186740077608,0.0541567152002412,0.0,0.1840974697836708,0.78,1000.0,net_g05_w57_high__USE2_MASK__USE2_SPACE150,net_g05_w57_high__USE2_MASK,net_g05_w57_high__USE2_SPACE150
net_g05_w57_high__USE2_AVOID__USE2_MASK,net_g05_w57_high,ctx_w57_high,gamma_05,USE2_AVOID,USE2_MASK,USE2_AVOID,USE2_MASK,0.0611075658340637,0.0611075658340637,behavior,behavior,non_focal,non_focal,0.0611075658340636,0.0608433389126929,0.0501582777870555,0.0,0.1666784049090222,0.792,1000.0,net_g05_w57_high__USE2_AVOID__USE2_MASK,net_g05_w57_high__USE2_AVOID,net_g05_w57_high__USE2_MASK
net_g05_w57_high__AFF_WORRY__USE2_SPACE150,net_g05_w57_high,ctx_w57_high,gamma_05,AFF_WORRY,USE2_SPACE150,AFF_WORRY,USE2_SPACE150,0.0424758401645531,0.0424758401645531,affect,behavior,non_focal,non_focal,0.0424758401645531,0.0426777506679493,0.0393517664025715,0.0,0.1322090734850645,0.726,1000.0,net_g05_w57_high__AFF_WORRY__USE2_SPACE150,net_g05_w57_high__AFF_WORRY,net_g05_w57_high__USE2_SPACE150
net_g05_w57_high__SEVERITY__USE2_HANDWASH20,net_g05_w57_high,ctx_w57_high,gamma_05,SEVERITY,USE2_HANDWASH20,SEVERITY,USE2_HANDWASH20,0.0408160253815509,0.0408160253815509,belief,behavior,focal_belief,non_focal,0.0408160253815508,0.0362359086632683,0.0365974096874744,0.0,0.1189286478839159,0.642,1000.0,net_g05_w57_high__SEVERITY__USE2_HANDWASH20,net_g05_w57_high__SEVERITY,net_g05_w57_high__USE2_HANDWASH20
net_g05_w57_high__AFF_FEAR__WORRY_HEALTH_SYSTEM,net_g05_w57_high,ctx_w57_high,gamma_05,AFF_FEAR,WORRY_HEALTH_SYSTEM,AFF_FEAR,WORRY_HEALTH_SYSTEM,0.0349678867104171,0.0349678867104171,affect,affect,non_focal,non_focal,0.0349678867104171,0.0432890620128825,0.0404492308157796,0.0,0.1409729183199009,0.748,1000.0,net_g05_w57_high__AFF_FEAR__WORRY_HEALTH_SYSTEM,net_g05_w57_high__AFF_FEAR,net_g05_w57_high__WORRY_HEALTH_SYSTEM
net_g05_w57_low__AFF_FEAR__AFF_WORRY,net_g05_w57_low,ctx_w57_low,gamma_05,AFF_FEAR,AFF_WORRY,AFF_FEAR,AFF_WORRY,0.669542306680917,0.669542306680917,affect,affect,non_focal,non_focal,0.6695423066809171,0.6458775545022019,0.0385300637858504,0.5685630308646635,0.7158714287850064,1.0,1000.0,net_g05_w57_low__AFF_FEAR__AFF_WORRY,net_g05_w57_low__AFF_FEAR,net_g05_w57_low__AFF_WORRY
net_g05_w57_low__USE2_AVOID__USE2_SPACE150,net_g05_w57_low,ctx_w57_low,gamma_05,USE2_AVOID,USE2_SPACE150,USE2_AVOID,USE2_SPACE150,0.335093813640658,0.335093813640658,behavior,behavior,non_focal,non_focal,0.335093813640658,0.3236828497457248,0.0502500423382856,0.2257011575318722,0.4184498272787463,1.0,1000.0,net_g05_w57_low__USE2_AVOID__USE2_SPACE150,net_g05_w57_low__USE2_AVOID,net_g05_w57_low__USE2_SPACE150
net_g05_w57_low__USE2_MASK__USE2_SPACE150,net_g05_w57_low,ctx_w57_low,gamma_05,USE2_MASK,USE2_SPACE150,USE2_MASK,USE2_SPACE150,0.295025731828639,0.295025731828639,behavior,behavior,non_focal,non_focal,0.2950257318286385,0.2800832233776214,0.0525807644980634,0.180637648030143,0.3831246156099509,1.0,1000.0,net_g05_w57_low__USE2_MASK__USE2_SPACE150,net_g05_w57_low__USE2_MASK,net_g05_w57_low__USE2_SPACE150
net_g05_w57_low__USE2_HANDWASH20__USE2_SPACE150,net_g05_w57_low,ctx_w57_low,gamma_05,USE2_HANDWASH20,USE2_SPACE150,USE2_HANDWASH20,USE2_SPACE150,0.282580287301505,0.282580287301505,behavior,behavior,non_focal,non_focal,0.2825802873015051,0.2742039446319194,0.0555852212422837,0.1653120276618559,0.3792136597919036,1.0,1000.0,net_g05_w57_low__USE2_HANDWASH20__USE2_SPACE150,net_g05_w57_low__USE2_HANDWASH20,net_g05_w57_low__USE2_SPACE150
net_g05_w57_low__USE2_HANDWASH20__USE2_MASK,net_g05_w57_low,ctx_w57_low,gamma_05,USE2_HANDWASH20,USE2_MASK,USE2_HANDWASH20,USE2_MASK,0.229682256068817,0.229682256068817,behavior,behavior,non_focal,non_focal,0.229682256068817,0.2239796743391808,0.0578253902777258,0.1112485240896703,0.3330249790054606,1.0,1000.0,net_g05_w57_low__USE2_HANDWASH20__USE2_MASK,net_g05_w57_low__USE2_HANDWASH20,net_g05_w57_low__USE2_MASK
net_g05_w57_low__AFF_WORRY__SEVERITY,net_g05_w57_low,ctx_w57_low,gamma_05,AFF_WORRY,SEVERITY,AFF_WORRY,SEVERITY,0.181542860019941,0.181542860019941,affect,belief,non_focal,focal_belief,0.1815428600199411,0.177587414444341,0.0566390286913247,0.059996776596767,0.2848192027964176,0.998,1000.0,net_g05_w57_low__AFF_WORRY__SEVERITY,net_g05_w57_low__AFF_WORRY,net_g05_w57_low__SEVERITY
net_g05_w57_low__AFF_WORRY__WORRY_HEALTH_SYSTEM,net_g05_w57_low,ctx_w57_low,gamma_05,AFF_WORRY,WORRY_HEALTH_SYSTEM,AFF_WORRY,WORRY_HEALTH_SYSTEM,0.181161185521748,0.181161185521748,affect,affect,non_focal,non_focal,0.1811611855217483,0.1749382967655282,0.0516596660311579,0.0716076881011816,0.276683539079413,1.0,1000.0,net_g05_w57_low__AFF_WORRY__WORRY_HEALTH_SYSTEM,net_g05_w57_low__AFF_WORRY,net_g05_w57_low__WORRY_HEALTH_SYSTEM
net_g05_w57_low__USE2_AVOID__USE2_HANDWASH20,net_g05_w57_low,ctx_w57_low,gamma_05,USE2_AVOID,USE2_HANDWASH20,USE2_AVOID,USE2_HANDWASH20,0.1788898749772,0.1788898749772,behavior,behavior,non_focal,non_focal,0.1788898749771997,0.1691945282930275,0.0511445444885526,0.0738773994519955,0.2691514445027266,0.999,1000.0,net_g05_w57_low__USE2_AVOID__USE2_HANDWASH20,net_g05_w57_low__USE2_AVOID,net_g05_w57_low__USE2_HANDWASH20
net_g05_w57_low__USE2_MASK__WORRY_HEALTH_SYSTEM,net_g05_w57_low,ctx_w57_low,gamma_05,USE2_MASK,WORRY_HEALTH_SYSTEM,USE2_MASK,WORRY_HEALTH_SYSTEM,0.170560378136817,0.170560378136817,behavior,affect,non_focal,non_focal,0.1705603781368168,0.1578720036212772,0.0495322936315406,0.0593192094405985,0.2515243372239879,0.997,1000.0,net_g05_w57_low__USE2_MASK__WORRY_HEALTH_SYSTEM,net_g05_w57_low__USE2_MASK,net_g05_w57_low__WORRY_HEALTH_SYSTEM
net_g05_w57_low__USE2_AVOID__WORRY_HEALTH_SYSTEM,net_g05_w57_low,ctx_w57_low,gamma_05,USE2_AVOID,WORRY_HEALTH_SYSTEM,USE2_AVOID,WORRY_HEALTH_SYSTEM,0.149327883262226,0.149327883262226,behavior,affect,non_focal,non_focal,0.1493278832622264,0.1322652376335555,0.0502484623436156,0.0326717819474738,0.227601917347587,0.996,1000.0,net_g05_w57_low__USE2_AVOID__WORRY_HEALTH_SYSTEM,net_g05_w57_low__USE2_AVOID,net_g05_w57_low__WORRY_HEALTH_SYSTEM
net_g05_w57_low__SEVERITY__WORRY_HEALTH_SYSTEM,net_g05_w57_low,ctx_w57_low,gamma_05,SEVERITY,WORRY_HEALTH_SYSTEM,SEVERITY,WORRY_HEALTH_SYSTEM,0.142145431091419,0.142145431091419,belief,affect,focal_belief,non_focal,0.1421454310914187,0.1361276321998239,0.0492171652143883,0.0377499511768186,0.2289138266964998,0.994,1000.0,net_g05_w57_low__SEVERITY__WORRY_HEALTH_SYSTEM,net_g05_w57_low__SEVERITY,net_g05_w57_low__WORRY_HEALTH_SYSTEM
net_g05_w57_low__SEVERITY__USE2_AVOID,net_g05_w57_low,ctx_w57_low,gamma_05,SEVERITY,USE2_AVOID,SEVERITY,USE2_AVOID,0.0950565129638646,0.0950565129638646,belief,behavior,focal_belief,non_focal,0.0950565129638645,0.087943446257102,0.0486263358008795,0.0,0.1813977819561885,0.944,1000.0,net_g05_w57_low__SEVERITY__USE2_AVOID,net_g05_w57_low__SEVERITY,net_g05_w57_low__USE2_AVOID
net_g05_w57_low__AFF_FEAR__SEVERITY,net_g05_w57_low,ctx_w57_low,gamma_05,AFF_FEAR,SEVERITY,AFF_FEAR,SEVERITY,0.0836266841879681,0.0836266841879681,affect,belief,non_focal,focal_belief,0.083626684187968,0.0852881180241935,0.0547738711680114,0.0,0.1982466240149409,0.911,1000.0,net_g05_w57_low__AFF_FEAR__SEVERITY,net_g05_w57_low__AFF_FEAR,net_g05_w57_low__SEVERITY
net_g05_w57_low__AFF_WORRY__USE2_MASK,net_g05_w57_low,ctx_w57_low,gamma_05,AFF_WORRY,USE2_MASK,AFF_WORRY,USE2_MASK,0.0831061374360172,0.0831061374360172,affect,behavior,non_focal,non_focal,0.0831061374360172,0.0660205840634697,0.0372507846414075,0.0,0.1400330952121875,0.961,1000.0,net_g05_w57_low__AFF_WORRY__USE2_MASK,net_g05_w57_low__AFF_WORRY,net_g05_w57_low__USE2_MASK
net_g05_w57_low__SEVERITY__USE2_SPACE150,net_g05_w57_low,ctx_w57_low,gamma_05,SEVERITY,USE2_SPACE150,SEVERITY,USE2_SPACE150,0.0518376003125831,0.0518376003125831,belief,behavior,focal_belief,non_focal,0.0518376003125831,0.0431125700137391,0.0384595699152194,0.0,0.1282240376821024,0.763,1000.0,net_g05_w57_low__SEVERITY__USE2_SPACE150,net_g05_w57_low__SEVERITY,net_g05_w57_low__USE2_SPACE150
net_g05_w57_low__AFF_FEAR__WORRY_HEALTH_SYSTEM,net_g05_w57_low,ctx_w57_low,gamma_05,AFF_FEAR,WORRY_HEALTH_SYSTEM,AFF_FEAR,WORRY_HEALTH_SYSTEM,0.0365687987969368,0.0365687987969368,affect,affect,non_focal,non_focal,0.0365687987969367,0.0422996985379922,0.0400285474237869,0.0,0.1383560492145811,0.763,1000.0,net_g05_w57_low__AFF_FEAR__WORRY_HEALTH_SYSTEM,net_g05_w57_low__AFF_FEAR,net_g05_w57_low__WORRY_HEALTH_SYSTEM
net_g05_w57_low__USE2_AVOID__USE2_MASK,net_g05_w57_low,ctx_w57_low,gamma_05,USE2_AVOID,USE2_MASK,USE2_AVOID,USE2_MASK,0.0274735950892567,0.0274735950892567,behavior,behavior,non_focal,non_focal,0.0274735950892567,0.0408460630408434,0.0400109040762371,0.0,0.1358649623553547,0.75,1000.0,net_g05_w57_low__USE2_AVOID__USE2_MASK,net_g05_w57_low__USE2_AVOID,net_g05_w57_low__USE2_MASK
net_g05_w57_low__AFF_FEAR__USE2_AVOID,net_g05_w57_low,ctx_w57_low,gamma_05,AFF_FEAR,USE2_AVOID,AFF_FEAR,USE2_AVOID,0.0176108244129714,0.0176108244129714,affect,behavior,non_focal,non_focal,0.0176108244129713,0.0163192296084513,0.0251368738221805,0.0,0.0795893578366454,0.488,1000.0,net_g05_w57_low__AFF_FEAR__USE2_AVOID,net_g05_w57_low__AFF_FEAR,net_g05_w57_low__USE2_AVOID
net_g05_w57_low__AFF_FEAR__USE2_MASK,net_g05_w57_low,ctx_w57_low,gamma_05,AFF_FEAR,USE2_MASK,AFF_FEAR,USE2_MASK,-0.0173779072867365,0.0173779072867365,affect,behavior,non_focal,non_focal,-0.0173779072867365,-0.00239465799054,0.0186424447798135,-0.0642689560734552,0.0226222275192544,0.155,1000.0,net_g05_w57_low__AFF_FEAR__USE2_MASK,net_g05_w57_low__AFF_FEAR,net_g05_w57_low__USE2_MASK
net_g05_w57_low__AFF_WORRY__USE2_HANDWASH20,net_g05_w57_low,ctx_w57_low,gamma_05,AFF_WORRY,USE2_HANDWASH20,AFF_WORRY,USE2_HANDWASH20,0.0162213900096129,0.0162213900096129,affect,behavior,non_focal,non_focal,0.0162213900096129,0.0151876924929722,0.0248569931832587,0.0,0.0808455879160659,0.474,1000.0,net_g05_w57_low__AFF_WORRY__USE2_HANDWASH20,net_g05_w57_low__AFF_WORRY,net_g05_w57_low__USE2_HANDWASH20
net_g05_w57_low__AFF_WORRY__USE2_AVOID,net_g05_w57_low,ctx_w57_low,gamma_05,AFF_WORRY,USE2_AVOID,AFF_WORRY,USE2_AVOID,0.0110123122934447,0.0110123122934447,affect,behavior,non_focal,non_focal,0.0110123122934446,0.0197933270293352,0.0288559003031347,0.0,0.0886226536865356,0.545,1000.0,net_g05_w57_low__AFF_WORRY__USE2_AVOID,net_g05_w57_low__AFF_WORRY,net_g05_w57_low__USE2_AVOID
net_g05_w57_low__USE2_HANDWASH20__WORRY_HEALTH_SYSTEM,net_g05_w57_low,ctx_w57_low,gamma_05,USE2_HANDWASH20,WORRY_HEALTH_SYSTEM,USE2_HANDWASH20,WORRY_HEALTH_SYSTEM,0.0095866474134661,0.0095866474134661,behavior,affect,non_focal,non_focal,0.009586647413466,0.0197755015814083,0.0330767153287263,0.0,0.1037255453030045,0.507,1000.0,net_g05_w57_low__USE2_HANDWASH20__WORRY_HEALTH_SYSTEM,net_g05_w57_low__USE2_HANDWASH20,net_g05_w57_low__WORRY_HEALTH_SYSTEM
